Site	Key	rule	attribute_name	page_id	rule	attribute_name	page_id		
www.wasserstrom.com	9693-Bakers	//*[@id='specs']/tbody/tr/td/div/div/table/tbody/tr[2]/td[2]/text()	Product ID	TRUE	//*[@id='specs']/tbody/tr/td/div/div/table/tbody/tr[4]/td[2]/text()	Model Number	TRUE	//b[text()='UPC']/../../td[2]/text()	UPC	TRUE	//b[text()='Mfg Part #']/../../td[2]/text()	Mfg Part #	TRUE	//div[@class='displaycategoryproducts-wrapper']/table/tbody/tr[1]/td[1]/text()[2]	Item Number 1	FALSE	//div[@class='displaycategoryproducts-wrapper']/table/tbody/tr[1]/td[1]/text()[3]	Model Number 1	FALSE	//div[@class='displaycategoryproducts-wrapper']/table/tbody/tr[2]/td[1]/text()[2]	Item Number 2	FALSE	//div[@class='displaycategoryproducts-wrapper']/table/tbody/tr[2]/td[1]/text()[3]	Model Number 2	FALSE	//div[@class='displaycategoryproducts-wrapper']/table/tbody/tr[3]/td[1]/text()[2]	Item Number 3	FALSE	//div[@class='displaycategoryproducts-wrapper']/table/tbody/tr[3]/td[1]/text()[3]	Model Number 3	FALSE	//div[@class='displaycategoryproducts-wrapper']/table/tbody/tr[4]/td[1]/text()[2]	Item Number 4	FALSE	//div[@class='displaycategoryproducts-wrapper']/table/tbody/tr[4]/td[1]/text()[3]	Model Number 4	FALSE	//div[@class='displaycategoryproducts-wrapper']/table/tbody/tr[5]/td[1]/text()[2]	Item Number 5	FALSE	//div[@class='displaycategoryproducts-wrapper']/table/tbody/tr[5]/td[1]/text()[3]	Model Number 5	FALSE
www.wasserstrom.com	9694-Bamboo Pattern	//*[@id='specs']/tbody/tr/td/div/div/table/tbody/tr[2]/td[2]/text()	Product ID	TRUE	//*[@id='specs']/tbody/tr/td/div/div/table/tbody/tr[4]/td[2]/text()	Model Number	TRUE	//b[text()='UPC']/../../td[2]/text()	UPC	TRUE	//b[text()='Mfg Part #']/../../td[2]/text()	Mfg Part #	TRUE	//div[@class='displaycategoryproducts-wrapper']/table/tbody/tr[1]/td[1]/text()[2]	Item Number 1	FALSE	//div[@class='displaycategoryproducts-wrapper']/table/tbody/tr[1]/td[1]/text()[3]	Model Number 1	FALSE	//div[@class='displaycategoryproducts-wrapper']/table/tbody/tr[2]/td[1]/text()[2]	Item Number 2	FALSE	//div[@class='displaycategoryproducts-wrapper']/table/tbody/tr[2]/td[1]/text()[3]	Model Number 2	FALSE	//div[@class='displaycategoryproducts-wrapper']/table/tbody/tr[3]/td[1]/text()[2]	Item Number 3	FALSE	//div[@class='displaycategoryproducts-wrapper']/table/tbody/tr[3]/td[1]/text()[3]	Model Number 3	FALSE	//div[@class='displaycategoryproducts-wrapper']/table/tbody/tr[4]/td[1]/text()[2]	Item Number 4	FALSE	//div[@class='displaycategoryproducts-wrapper']/table/tbody/tr[4]/td[1]/text()[3]	Model Number 4	FALSE	//div[@class='displaycategoryproducts-wrapper']/table/tbody/tr[5]/td[1]/text()[2]	Item Number 5	FALSE	//div[@class='displaycategoryproducts-wrapper']/table/tbody/tr[5]/td[1]/text()[3]	Model Number 5	FALSE
www.wasserstrom.com	9695-Bamboo Picks	//*[@id='specs']/tbody/tr/td/div/div/table/tbody/tr[2]/td[2]/text()	Product ID	TRUE	//*[@id='specs']/tbody/tr/td/div/div/table/tbody/tr[4]/td[2]/text()	Model Number	TRUE	//b[text()='UPC']/../../td[2]/text()	UPC	TRUE	//b[text()='Mfg Part #']/../../td[2]/text()	Mfg Part #	TRUE	//div[@class='displaycategoryproducts-wrapper']/table/tbody/tr[1]/td[1]/text()[2]	Item Number 1	FALSE	//div[@class='displaycategoryproducts-wrapper']/table/tbody/tr[1]/td[1]/text()[3]	Model Number 1	FALSE	//div[@class='displaycategoryproducts-wrapper']/table/tbody/tr[2]/td[1]/text()[2]	Item Number 2	FALSE	//div[@class='displaycategoryproducts-wrapper']/table/tbody/tr[2]/td[1]/text()[3]	Model Number 2	FALSE	//div[@class='displaycategoryproducts-wrapper']/table/tbody/tr[3]/td[1]/text()[2]	Item Number 3	FALSE	//div[@class='displaycategoryproducts-wrapper']/table/tbody/tr[3]/td[1]/text()[3]	Model Number 3	FALSE	//div[@class='displaycategoryproducts-wrapper']/table/tbody/tr[4]/td[1]/text()[2]	Item Number 4	FALSE	//div[@class='displaycategoryproducts-wrapper']/table/tbody/tr[4]/td[1]/text()[3]	Model Number 4	FALSE	//div[@class='displaycategoryproducts-wrapper']/table/tbody/tr[5]/td[1]/text()[2]	Item Number 5	FALSE	//div[@class='displaycategoryproducts-wrapper']/table/tbody/tr[5]/td[1]/text()[3]	Model Number 5	FALSE
www.wasserstrom.com	9696-Blendtec Parts	//*[@id='specs']/tbody/tr/td/div/div/table/tbody/tr[2]/td[2]/text()	Product ID	TRUE	//*[@id='specs']/tbody/tr/td/div/div/table/tbody/tr[4]/td[2]/text()	Model Number	TRUE	//b[text()='UPC']/../../td[2]/text()	UPC	TRUE	//b[text()='Mfg Part #']/../../td[2]/text()	Mfg Part #	TRUE	//div[@class='displaycategoryproducts-wrapper']/table/tbody/tr[1]/td[1]/text()[2]	Item Number 1	FALSE	//div[@class='displaycategoryproducts-wrapper']/table/tbody/tr[1]/td[1]/text()[3]	Model Number 1	FALSE	//div[@class='displaycategoryproducts-wrapper']/table/tbody/tr[2]/td[1]/text()[2]	Item Number 2	FALSE	//div[@class='displaycategoryproducts-wrapper']/table/tbody/tr[2]/td[1]/text()[3]	Model Number 2	FALSE	//div[@class='displaycategoryproducts-wrapper']/table/tbody/tr[3]/td[1]/text()[2]	Item Number 3	FALSE	//div[@class='displaycategoryproducts-wrapper']/table/tbody/tr[3]/td[1]/text()[3]	Model Number 3	FALSE	//div[@class='displaycategoryproducts-wrapper']/table/tbody/tr[4]/td[1]/text()[2]	Item Number 4	FALSE	//div[@class='displaycategoryproducts-wrapper']/table/tbody/tr[4]/td[1]/text()[3]	Model Number 4	FALSE	//div[@class='displaycategoryproducts-wrapper']/table/tbody/tr[5]/td[1]/text()[2]	Item Number 5	FALSE	//div[@class='displaycategoryproducts-wrapper']/table/tbody/tr[5]/td[1]/text()[3]	Model Number 5	FALSE
www.wasserstrom.com	9697-Blodgett Energy Star	//*[@id='specs']/tbody/tr/td/div/div/table/tbody/tr[2]/td[2]/text()	Product ID	TRUE	//*[@id='specs']/tbody/tr/td/div/div/table/tbody/tr[4]/td[2]/text()	Model Number	TRUE	//b[text()='UPC']/../../td[2]/text()	UPC	TRUE	//b[text()='Mfg Part #']/../../td[2]/text()	Mfg Part #	TRUE	//div[@class='displaycategoryproducts-wrapper']/table/tbody/tr[1]/td[1]/text()[2]	Item Number 1	FALSE	//div[@class='displaycategoryproducts-wrapper']/table/tbody/tr[1]/td[1]/text()[3]	Model Number 1	FALSE	//div[@class='displaycategoryproducts-wrapper']/table/tbody/tr[2]/td[1]/text()[2]	Item Number 2	FALSE	//div[@class='displaycategoryproducts-wrapper']/table/tbody/tr[2]/td[1]/text()[3]	Model Number 2	FALSE	//div[@class='displaycategoryproducts-wrapper']/table/tbody/tr[3]/td[1]/text()[2]	Item Number 3	FALSE	//div[@class='displaycategoryproducts-wrapper']/table/tbody/tr[3]/td[1]/text()[3]	Model Number 3	FALSE	//div[@class='displaycategoryproducts-wrapper']/table/tbody/tr[4]/td[1]/text()[2]	Item Number 4	FALSE	//div[@class='displaycategoryproducts-wrapper']/table/tbody/tr[4]/td[1]/text()[3]	Model Number 4	FALSE	//div[@class='displaycategoryproducts-wrapper']/table/tbody/tr[5]/td[1]/text()[2]	Item Number 5	FALSE	//div[@class='displaycategoryproducts-wrapper']/table/tbody/tr[5]/td[1]/text()[3]	Model Number 5	FALSE
www.wasserstrom.com	9698-Bunn Coffee Server	//*[@id='specs']/tbody/tr/td/div/div/table/tbody/tr[2]/td[2]/text()	Product ID	TRUE	//*[@id='specs']/tbody/tr/td/div/div/table/tbody/tr[4]/td[2]/text()	Model Number	TRUE	//b[text()='UPC']/../../td[2]/text()	UPC	TRUE	//b[text()='Mfg Part #']/../../td[2]/text()	Mfg Part #	TRUE	//div[@class='displaycategoryproducts-wrapper']/table/tbody/tr[1]/td[1]/text()[2]	Item Number 1	FALSE	//div[@class='displaycategoryproducts-wrapper']/table/tbody/tr[1]/td[1]/text()[3]	Model Number 1	FALSE	//div[@class='displaycategoryproducts-wrapper']/table/tbody/tr[2]/td[1]/text()[2]	Item Number 2	FALSE	//div[@class='displaycategoryproducts-wrapper']/table/tbody/tr[2]/td[1]/text()[3]	Model Number 2	FALSE	//div[@class='displaycategoryproducts-wrapper']/table/tbody/tr[3]/td[1]/text()[2]	Item Number 3	FALSE	//div[@class='displaycategoryproducts-wrapper']/table/tbody/tr[3]/td[1]/text()[3]	Model Number 3	FALSE	//div[@class='displaycategoryproducts-wrapper']/table/tbody/tr[4]/td[1]/text()[2]	Item Number 4	FALSE	//div[@class='displaycategoryproducts-wrapper']/table/tbody/tr[4]/td[1]/text()[3]	Model Number 4	FALSE	//div[@class='displaycategoryproducts-wrapper']/table/tbody/tr[5]/td[1]/text()[2]	Item Number 5	FALSE	//div[@class='displaycategoryproducts-wrapper']/table/tbody/tr[5]/td[1]/text()[3]	Model Number 5	FALSE
www.wasserstrom.com	9699-Bunn Hot Water Dispensers	//*[@id='specs']/tbody/tr/td/div/div/table/tbody/tr[2]/td[2]/text()	Product ID	TRUE	//*[@id='specs']/tbody/tr/td/div/div/table/tbody/tr[4]/td[2]/text()	Model Number	TRUE	//b[text()='UPC']/../../td[2]/text()	UPC	TRUE	//b[text()='Mfg Part #']/../../td[2]/text()	Mfg Part #	TRUE	//div[@class='displaycategoryproducts-wrapper']/table/tbody/tr[1]/td[1]/text()[2]	Item Number 1	FALSE	//div[@class='displaycategoryproducts-wrapper']/table/tbody/tr[1]/td[1]/text()[3]	Model Number 1	FALSE	//div[@class='displaycategoryproducts-wrapper']/table/tbody/tr[2]/td[1]/text()[2]	Item Number 2	FALSE	//div[@class='displaycategoryproducts-wrapper']/table/tbody/tr[2]/td[1]/text()[3]	Model Number 2	FALSE	//div[@class='displaycategoryproducts-wrapper']/table/tbody/tr[3]/td[1]/text()[2]	Item Number 3	FALSE	//div[@class='displaycategoryproducts-wrapper']/table/tbody/tr[3]/td[1]/text()[3]	Model Number 3	FALSE	//div[@class='displaycategoryproducts-wrapper']/table/tbody/tr[4]/td[1]/text()[2]	Item Number 4	FALSE	//div[@class='displaycategoryproducts-wrapper']/table/tbody/tr[4]/td[1]/text()[3]	Model Number 4	FALSE	//div[@class='displaycategoryproducts-wrapper']/table/tbody/tr[5]/td[1]/text()[2]	Item Number 5	FALSE	//div[@class='displaycategoryproducts-wrapper']/table/tbody/tr[5]/td[1]/text()[3]	Model Number 5	FALSE
www.wasserstrom.com	9700-Cake Knives and Pastry Servers	//*[@id='specs']/tbody/tr/td/div/div/table/tbody/tr[2]/td[2]/text()	Product ID	TRUE	//*[@id='specs']/tbody/tr/td/div/div/table/tbody/tr[4]/td[2]/text()	Model Number	TRUE	//b[text()='UPC']/../../td[2]/text()	UPC	TRUE	//b[text()='Mfg Part #']/../../td[2]/text()	Mfg Part #	TRUE	//div[@class='displaycategoryproducts-wrapper']/table/tbody/tr[1]/td[1]/text()[2]	Item Number 1	FALSE	//div[@class='displaycategoryproducts-wrapper']/table/tbody/tr[1]/td[1]/text()[3]	Model Number 1	FALSE	//div[@class='displaycategoryproducts-wrapper']/table/tbody/tr[2]/td[1]/text()[2]	Item Number 2	FALSE	//div[@class='displaycategoryproducts-wrapper']/table/tbody/tr[2]/td[1]/text()[3]	Model Number 2	FALSE	//div[@class='displaycategoryproducts-wrapper']/table/tbody/tr[3]/td[1]/text()[2]	Item Number 3	FALSE	//div[@class='displaycategoryproducts-wrapper']/table/tbody/tr[3]/td[1]/text()[3]	Model Number 3	FALSE	//div[@class='displaycategoryproducts-wrapper']/table/tbody/tr[4]/td[1]/text()[2]	Item Number 4	FALSE	//div[@class='displaycategoryproducts-wrapper']/table/tbody/tr[4]/td[1]/text()[3]	Model Number 4	FALSE	//div[@class='displaycategoryproducts-wrapper']/table/tbody/tr[5]/td[1]/text()[2]	Item Number 5	FALSE	//div[@class='displaycategoryproducts-wrapper']/table/tbody/tr[5]/td[1]/text()[3]	Model Number 5	FALSE
www.wasserstrom.com	9701-Can Rack	//*[@id='specs']/tbody/tr/td/div/div/table/tbody/tr[2]/td[2]/text()	Product ID	TRUE	//*[@id='specs']/tbody/tr/td/div/div/table/tbody/tr[4]/td[2]/text()	Model Number	TRUE	//b[text()='UPC']/../../td[2]/text()	UPC	TRUE	//b[text()='Mfg Part #']/../../td[2]/text()	Mfg Part #	TRUE	//div[@class='displaycategoryproducts-wrapper']/table/tbody/tr[1]/td[1]/text()[2]	Item Number 1	FALSE	//div[@class='displaycategoryproducts-wrapper']/table/tbody/tr[1]/td[1]/text()[3]	Model Number 1	FALSE	//div[@class='displaycategoryproducts-wrapper']/table/tbody/tr[2]/td[1]/text()[2]	Item Number 2	FALSE	//div[@class='displaycategoryproducts-wrapper']/table/tbody/tr[2]/td[1]/text()[3]	Model Number 2	FALSE	//div[@class='displaycategoryproducts-wrapper']/table/tbody/tr[3]/td[1]/text()[2]	Item Number 3	FALSE	//div[@class='displaycategoryproducts-wrapper']/table/tbody/tr[3]/td[1]/text()[3]	Model Number 3	FALSE	//div[@class='displaycategoryproducts-wrapper']/table/tbody/tr[4]/td[1]/text()[2]	Item Number 4	FALSE	//div[@class='displaycategoryproducts-wrapper']/table/tbody/tr[4]/td[1]/text()[3]	Model Number 4	FALSE	//div[@class='displaycategoryproducts-wrapper']/table/tbody/tr[5]/td[1]/text()[2]	Item Number 5	FALSE	//div[@class='displaycategoryproducts-wrapper']/table/tbody/tr[5]/td[1]/text()[3]	Model Number 5	FALSE
www.wasserstrom.com	9702-Carafe Lids and Liners	//*[@id='specs']/tbody/tr/td/div/div/table/tbody/tr[2]/td[2]/text()	Product ID	TRUE	//*[@id='specs']/tbody/tr/td/div/div/table/tbody/tr[4]/td[2]/text()	Model Number	TRUE	//b[text()='UPC']/../../td[2]/text()	UPC	TRUE	//b[text()='Mfg Part #']/../../td[2]/text()	Mfg Part #	TRUE	//div[@class='displaycategoryproducts-wrapper']/table/tbody/tr[1]/td[1]/text()[2]	Item Number 1	FALSE	//div[@class='displaycategoryproducts-wrapper']/table/tbody/tr[1]/td[1]/text()[3]	Model Number 1	FALSE	//div[@class='displaycategoryproducts-wrapper']/table/tbody/tr[2]/td[1]/text()[2]	Item Number 2	FALSE	//div[@class='displaycategoryproducts-wrapper']/table/tbody/tr[2]/td[1]/text()[3]	Model Number 2	FALSE	//div[@class='displaycategoryproducts-wrapper']/table/tbody/tr[3]/td[1]/text()[2]	Item Number 3	FALSE	//div[@class='displaycategoryproducts-wrapper']/table/tbody/tr[3]/td[1]/text()[3]	Model Number 3	FALSE	//div[@class='displaycategoryproducts-wrapper']/table/tbody/tr[4]/td[1]/text()[2]	Item Number 4	FALSE	//div[@class='displaycategoryproducts-wrapper']/table/tbody/tr[4]/td[1]/text()[3]	Model Number 4	FALSE	//div[@class='displaycategoryproducts-wrapper']/table/tbody/tr[5]/td[1]/text()[2]	Item Number 5	FALSE	//div[@class='displaycategoryproducts-wrapper']/table/tbody/tr[5]/td[1]/text()[3]	Model Number 5	FALSE
www.wasserstrom.com	9703-Carlisle Serving Bowls	//*[@id='specs']/tbody/tr/td/div/div/table/tbody/tr[2]/td[2]/text()	Product ID	TRUE	//*[@id='specs']/tbody/tr/td/div/div/table/tbody/tr[4]/td[2]/text()	Model Number	TRUE	//b[text()='UPC']/../../td[2]/text()	UPC	TRUE	//b[text()='Mfg Part #']/../../td[2]/text()	Mfg Part #	TRUE	//div[@class='displaycategoryproducts-wrapper']/table/tbody/tr[1]/td[1]/text()[2]	Item Number 1	FALSE	//div[@class='displaycategoryproducts-wrapper']/table/tbody/tr[1]/td[1]/text()[3]	Model Number 1	FALSE	//div[@class='displaycategoryproducts-wrapper']/table/tbody/tr[2]/td[1]/text()[2]	Item Number 2	FALSE	//div[@class='displaycategoryproducts-wrapper']/table/tbody/tr[2]/td[1]/text()[3]	Model Number 2	FALSE	//div[@class='displaycategoryproducts-wrapper']/table/tbody/tr[3]/td[1]/text()[2]	Item Number 3	FALSE	//div[@class='displaycategoryproducts-wrapper']/table/tbody/tr[3]/td[1]/text()[3]	Model Number 3	FALSE	//div[@class='displaycategoryproducts-wrapper']/table/tbody/tr[4]/td[1]/text()[2]	Item Number 4	FALSE	//div[@class='displaycategoryproducts-wrapper']/table/tbody/tr[4]/td[1]/text()[3]	Model Number 4	FALSE	//div[@class='displaycategoryproducts-wrapper']/table/tbody/tr[5]/td[1]/text()[2]	Item Number 5	FALSE	//div[@class='displaycategoryproducts-wrapper']/table/tbody/tr[5]/td[1]/text()[3]	Model Number 5	FALSE
www.wasserstrom.com	9704-Case Merchandising Items	//*[@id='specs']/tbody/tr/td/div/div/table/tbody/tr[2]/td[2]/text()	Product ID	TRUE	//*[@id='specs']/tbody/tr/td/div/div/table/tbody/tr[4]/td[2]/text()	Model Number	TRUE	//b[text()='UPC']/../../td[2]/text()	UPC	TRUE	//b[text()='Mfg Part #']/../../td[2]/text()	Mfg Part #	TRUE	//div[@class='displaycategoryproducts-wrapper']/table/tbody/tr[1]/td[1]/text()[2]	Item Number 1	FALSE	//div[@class='displaycategoryproducts-wrapper']/table/tbody/tr[1]/td[1]/text()[3]	Model Number 1	FALSE	//div[@class='displaycategoryproducts-wrapper']/table/tbody/tr[2]/td[1]/text()[2]	Item Number 2	FALSE	//div[@class='displaycategoryproducts-wrapper']/table/tbody/tr[2]/td[1]/text()[3]	Model Number 2	FALSE	//div[@class='displaycategoryproducts-wrapper']/table/tbody/tr[3]/td[1]/text()[2]	Item Number 3	FALSE	//div[@class='displaycategoryproducts-wrapper']/table/tbody/tr[3]/td[1]/text()[3]	Model Number 3	FALSE	//div[@class='displaycategoryproducts-wrapper']/table/tbody/tr[4]/td[1]/text()[2]	Item Number 4	FALSE	//div[@class='displaycategoryproducts-wrapper']/table/tbody/tr[4]/td[1]/text()[3]	Model Number 4	FALSE	//div[@class='displaycategoryproducts-wrapper']/table/tbody/tr[5]/td[1]/text()[2]	Item Number 5	FALSE	//div[@class='displaycategoryproducts-wrapper']/table/tbody/tr[5]/td[1]/text()[3]	Model Number 5	FALSE
www.wasserstrom.com	9705-Ceramic Salt & Pepper Shakers	//*[@id='specs']/tbody/tr/td/div/div/table/tbody/tr[2]/td[2]/text()	Product ID	TRUE	//*[@id='specs']/tbody/tr/td/div/div/table/tbody/tr[4]/td[2]/text()	Model Number	TRUE	//b[text()='UPC']/../../td[2]/text()	UPC	TRUE	//b[text()='Mfg Part #']/../../td[2]/text()	Mfg Part #	TRUE	//div[@class='displaycategoryproducts-wrapper']/table/tbody/tr[1]/td[1]/text()[2]	Item Number 1	FALSE	//div[@class='displaycategoryproducts-wrapper']/table/tbody/tr[1]/td[1]/text()[3]	Model Number 1	FALSE	//div[@class='displaycategoryproducts-wrapper']/table/tbody/tr[2]/td[1]/text()[2]	Item Number 2	FALSE	//div[@class='displaycategoryproducts-wrapper']/table/tbody/tr[2]/td[1]/text()[3]	Model Number 2	FALSE	//div[@class='displaycategoryproducts-wrapper']/table/tbody/tr[3]/td[1]/text()[2]	Item Number 3	FALSE	//div[@class='displaycategoryproducts-wrapper']/table/tbody/tr[3]/td[1]/text()[3]	Model Number 3	FALSE	//div[@class='displaycategoryproducts-wrapper']/table/tbody/tr[4]/td[1]/text()[2]	Item Number 4	FALSE	//div[@class='displaycategoryproducts-wrapper']/table/tbody/tr[4]/td[1]/text()[3]	Model Number 4	FALSE	//div[@class='displaycategoryproducts-wrapper']/table/tbody/tr[5]/td[1]/text()[2]	Item Number 5	FALSE	//div[@class='displaycategoryproducts-wrapper']/table/tbody/tr[5]/td[1]/text()[3]	Model Number 5	FALSE
www.wasserstrom.com	9706-Chef Coats & Jackets	//*[@id='specs']/tbody/tr/td/div/div/table/tbody/tr[2]/td[2]/text()	Product ID	TRUE	//*[@id='specs']/tbody/tr/td/div/div/table/tbody/tr[4]/td[2]/text()	Model Number	TRUE	//b[text()='UPC']/../../td[2]/text()	UPC	TRUE	//b[text()='Mfg Part #']/../../td[2]/text()	Mfg Part #	TRUE	//div[@class='displaycategoryproducts-wrapper']/table/tbody/tr[1]/td[1]/text()[2]	Item Number 1	FALSE	//div[@class='displaycategoryproducts-wrapper']/table/tbody/tr[1]/td[1]/text()[3]	Model Number 1	FALSE	//div[@class='displaycategoryproducts-wrapper']/table/tbody/tr[2]/td[1]/text()[2]	Item Number 2	FALSE	//div[@class='displaycategoryproducts-wrapper']/table/tbody/tr[2]/td[1]/text()[3]	Model Number 2	FALSE	//div[@class='displaycategoryproducts-wrapper']/table/tbody/tr[3]/td[1]/text()[2]	Item Number 3	FALSE	//div[@class='displaycategoryproducts-wrapper']/table/tbody/tr[3]/td[1]/text()[3]	Model Number 3	FALSE	//div[@class='displaycategoryproducts-wrapper']/table/tbody/tr[4]/td[1]/text()[2]	Item Number 4	FALSE	//div[@class='displaycategoryproducts-wrapper']/table/tbody/tr[4]/td[1]/text()[3]	Model Number 4	FALSE	//div[@class='displaycategoryproducts-wrapper']/table/tbody/tr[5]/td[1]/text()[2]	Item Number 5	FALSE	//div[@class='displaycategoryproducts-wrapper']/table/tbody/tr[5]/td[1]/text()[3]	Model Number 5	FALSE
www.wasserstrom.com	9707-China and Ceramic Ramekins	//*[@id='specs']/tbody/tr/td/div/div/table/tbody/tr[2]/td[2]/text()	Product ID	TRUE	//*[@id='specs']/tbody/tr/td/div/div/table/tbody/tr[4]/td[2]/text()	Model Number	TRUE	//b[text()='UPC']/../../td[2]/text()	UPC	TRUE	//b[text()='Mfg Part #']/../../td[2]/text()	Mfg Part #	TRUE	//div[@class='displaycategoryproducts-wrapper']/table/tbody/tr[1]/td[1]/text()[2]	Item Number 1	FALSE	//div[@class='displaycategoryproducts-wrapper']/table/tbody/tr[1]/td[1]/text()[3]	Model Number 1	FALSE	//div[@class='displaycategoryproducts-wrapper']/table/tbody/tr[2]/td[1]/text()[2]	Item Number 2	FALSE	//div[@class='displaycategoryproducts-wrapper']/table/tbody/tr[2]/td[1]/text()[3]	Model Number 2	FALSE	//div[@class='displaycategoryproducts-wrapper']/table/tbody/tr[3]/td[1]/text()[2]	Item Number 3	FALSE	//div[@class='displaycategoryproducts-wrapper']/table/tbody/tr[3]/td[1]/text()[3]	Model Number 3	FALSE	//div[@class='displaycategoryproducts-wrapper']/table/tbody/tr[4]/td[1]/text()[2]	Item Number 4	FALSE	//div[@class='displaycategoryproducts-wrapper']/table/tbody/tr[4]/td[1]/text()[3]	Model Number 4	FALSE	//div[@class='displaycategoryproducts-wrapper']/table/tbody/tr[5]/td[1]/text()[2]	Item Number 5	FALSE	//div[@class='displaycategoryproducts-wrapper']/table/tbody/tr[5]/td[1]/text()[3]	Model Number 5	FALSE
www.wasserstrom.com	9708-Clearance Items	//*[@id='specs']/tbody/tr/td/div/div/table/tbody/tr[2]/td[2]/text()	Product ID	TRUE	//*[@id='specs']/tbody/tr/td/div/div/table/tbody/tr[4]/td[2]/text()	Model Number	TRUE	//b[text()='UPC']/../../td[2]/text()	UPC	TRUE	//b[text()='Mfg Part #']/../../td[2]/text()	Mfg Part #	TRUE	//div[@class='displaycategoryproducts-wrapper']/table/tbody/tr[1]/td[1]/text()[2]	Item Number 1	FALSE	//div[@class='displaycategoryproducts-wrapper']/table/tbody/tr[1]/td[1]/text()[3]	Model Number 1	FALSE	//div[@class='displaycategoryproducts-wrapper']/table/tbody/tr[2]/td[1]/text()[2]	Item Number 2	FALSE	//div[@class='displaycategoryproducts-wrapper']/table/tbody/tr[2]/td[1]/text()[3]	Model Number 2	FALSE	//div[@class='displaycategoryproducts-wrapper']/table/tbody/tr[3]/td[1]/text()[2]	Item Number 3	FALSE	//div[@class='displaycategoryproducts-wrapper']/table/tbody/tr[3]/td[1]/text()[3]	Model Number 3	FALSE	//div[@class='displaycategoryproducts-wrapper']/table/tbody/tr[4]/td[1]/text()[2]	Item Number 4	FALSE	//div[@class='displaycategoryproducts-wrapper']/table/tbody/tr[4]/td[1]/text()[3]	Model Number 4	FALSE	//div[@class='displaycategoryproducts-wrapper']/table/tbody/tr[5]/td[1]/text()[2]	Item Number 5	FALSE	//div[@class='displaycategoryproducts-wrapper']/table/tbody/tr[5]/td[1]/text()[3]	Model Number 5	FALSE
www.wasserstrom.com	9709-Cleveland Range Accessories	//*[@id='specs']/tbody/tr/td/div/div/table/tbody/tr[2]/td[2]/text()	Product ID	TRUE	//*[@id='specs']/tbody/tr/td/div/div/table/tbody/tr[4]/td[2]/text()	Model Number	TRUE	//b[text()='UPC']/../../td[2]/text()	UPC	TRUE	//b[text()='Mfg Part #']/../../td[2]/text()	Mfg Part #	TRUE	//div[@class='displaycategoryproducts-wrapper']/table/tbody/tr[1]/td[1]/text()[2]	Item Number 1	FALSE	//div[@class='displaycategoryproducts-wrapper']/table/tbody/tr[1]/td[1]/text()[3]	Model Number 1	FALSE	//div[@class='displaycategoryproducts-wrapper']/table/tbody/tr[2]/td[1]/text()[2]	Item Number 2	FALSE	//div[@class='displaycategoryproducts-wrapper']/table/tbody/tr[2]/td[1]/text()[3]	Model Number 2	FALSE	//div[@class='displaycategoryproducts-wrapper']/table/tbody/tr[3]/td[1]/text()[2]	Item Number 3	FALSE	//div[@class='displaycategoryproducts-wrapper']/table/tbody/tr[3]/td[1]/text()[3]	Model Number 3	FALSE	//div[@class='displaycategoryproducts-wrapper']/table/tbody/tr[4]/td[1]/text()[2]	Item Number 4	FALSE	//div[@class='displaycategoryproducts-wrapper']/table/tbody/tr[4]/td[1]/text()[3]	Model Number 4	FALSE	//div[@class='displaycategoryproducts-wrapper']/table/tbody/tr[5]/td[1]/text()[2]	Item Number 5	FALSE	//div[@class='displaycategoryproducts-wrapper']/table/tbody/tr[5]/td[1]/text()[3]	Model Number 5	FALSE
www.wasserstrom.com	9710-Cold Food Table	//*[@id='specs']/tbody/tr/td/div/div/table/tbody/tr[2]/td[2]/text()	Product ID	TRUE	//*[@id='specs']/tbody/tr/td/div/div/table/tbody/tr[4]/td[2]/text()	Model Number	TRUE	//b[text()='UPC']/../../td[2]/text()	UPC	TRUE	//b[text()='Mfg Part #']/../../td[2]/text()	Mfg Part #	TRUE	//div[@class='displaycategoryproducts-wrapper']/table/tbody/tr[1]/td[1]/text()[2]	Item Number 1	FALSE	//div[@class='displaycategoryproducts-wrapper']/table/tbody/tr[1]/td[1]/text()[3]	Model Number 1	FALSE	//div[@class='displaycategoryproducts-wrapper']/table/tbody/tr[2]/td[1]/text()[2]	Item Number 2	FALSE	//div[@class='displaycategoryproducts-wrapper']/table/tbody/tr[2]/td[1]/text()[3]	Model Number 2	FALSE	//div[@class='displaycategoryproducts-wrapper']/table/tbody/tr[3]/td[1]/text()[2]	Item Number 3	FALSE	//div[@class='displaycategoryproducts-wrapper']/table/tbody/tr[3]/td[1]/text()[3]	Model Number 3	FALSE	//div[@class='displaycategoryproducts-wrapper']/table/tbody/tr[4]/td[1]/text()[2]	Item Number 4	FALSE	//div[@class='displaycategoryproducts-wrapper']/table/tbody/tr[4]/td[1]/text()[3]	Model Number 4	FALSE	//div[@class='displaycategoryproducts-wrapper']/table/tbody/tr[5]/td[1]/text()[2]	Item Number 5	FALSE	//div[@class='displaycategoryproducts-wrapper']/table/tbody/tr[5]/td[1]/text()[3]	Model Number 5	FALSE
www.wasserstrom.com	9711-Comcor China	//*[@id='specs']/tbody/tr/td/div/div/table/tbody/tr[2]/td[2]/text()	Product ID	TRUE	//*[@id='specs']/tbody/tr/td/div/div/table/tbody/tr[4]/td[2]/text()	Model Number	TRUE	//b[text()='UPC']/../../td[2]/text()	UPC	TRUE	//b[text()='Mfg Part #']/../../td[2]/text()	Mfg Part #	TRUE	//div[@class='displaycategoryproducts-wrapper']/table/tbody/tr[1]/td[1]/text()[2]	Item Number 1	FALSE	//div[@class='displaycategoryproducts-wrapper']/table/tbody/tr[1]/td[1]/text()[3]	Model Number 1	FALSE	//div[@class='displaycategoryproducts-wrapper']/table/tbody/tr[2]/td[1]/text()[2]	Item Number 2	FALSE	//div[@class='displaycategoryproducts-wrapper']/table/tbody/tr[2]/td[1]/text()[3]	Model Number 2	FALSE	//div[@class='displaycategoryproducts-wrapper']/table/tbody/tr[3]/td[1]/text()[2]	Item Number 3	FALSE	//div[@class='displaycategoryproducts-wrapper']/table/tbody/tr[3]/td[1]/text()[3]	Model Number 3	FALSE	//div[@class='displaycategoryproducts-wrapper']/table/tbody/tr[4]/td[1]/text()[2]	Item Number 4	FALSE	//div[@class='displaycategoryproducts-wrapper']/table/tbody/tr[4]/td[1]/text()[3]	Model Number 4	FALSE	//div[@class='displaycategoryproducts-wrapper']/table/tbody/tr[5]/td[1]/text()[2]	Item Number 5	FALSE	//div[@class='displaycategoryproducts-wrapper']/table/tbody/tr[5]/td[1]/text()[3]	Model Number 5	FALSE
www.wasserstrom.com	9712-Component Design Parts	//*[@id='specs']/tbody/tr/td/div/div/table/tbody/tr[2]/td[2]/text()	Product ID	TRUE	//*[@id='specs']/tbody/tr/td/div/div/table/tbody/tr[4]/td[2]/text()	Model Number	TRUE	//b[text()='UPC']/../../td[2]/text()	UPC	TRUE	//b[text()='Mfg Part #']/../../td[2]/text()	Mfg Part #	TRUE	//div[@class='displaycategoryproducts-wrapper']/table/tbody/tr[1]/td[1]/text()[2]	Item Number 1	FALSE	//div[@class='displaycategoryproducts-wrapper']/table/tbody/tr[1]/td[1]/text()[3]	Model Number 1	FALSE	//div[@class='displaycategoryproducts-wrapper']/table/tbody/tr[2]/td[1]/text()[2]	Item Number 2	FALSE	//div[@class='displaycategoryproducts-wrapper']/table/tbody/tr[2]/td[1]/text()[3]	Model Number 2	FALSE	//div[@class='displaycategoryproducts-wrapper']/table/tbody/tr[3]/td[1]/text()[2]	Item Number 3	FALSE	//div[@class='displaycategoryproducts-wrapper']/table/tbody/tr[3]/td[1]/text()[3]	Model Number 3	FALSE	//div[@class='displaycategoryproducts-wrapper']/table/tbody/tr[4]/td[1]/text()[2]	Item Number 4	FALSE	//div[@class='displaycategoryproducts-wrapper']/table/tbody/tr[4]/td[1]/text()[3]	Model Number 4	FALSE	//div[@class='displaycategoryproducts-wrapper']/table/tbody/tr[5]/td[1]/text()[2]	Item Number 5	FALSE	//div[@class='displaycategoryproducts-wrapper']/table/tbody/tr[5]/td[1]/text()[3]	Model Number 5	FALSE
www.wasserstrom.com	9713-Digital Scales	//*[@id='specs']/tbody/tr/td/div/div/table/tbody/tr[2]/td[2]/text()	Product ID	TRUE	//*[@id='specs']/tbody/tr/td/div/div/table/tbody/tr[4]/td[2]/text()	Model Number	TRUE	//b[text()='UPC']/../../td[2]/text()	UPC	TRUE	//b[text()='Mfg Part #']/../../td[2]/text()	Mfg Part #	TRUE	//div[@class='displaycategoryproducts-wrapper']/table/tbody/tr[1]/td[1]/text()[2]	Item Number 1	FALSE	//div[@class='displaycategoryproducts-wrapper']/table/tbody/tr[1]/td[1]/text()[3]	Model Number 1	FALSE	//div[@class='displaycategoryproducts-wrapper']/table/tbody/tr[2]/td[1]/text()[2]	Item Number 2	FALSE	//div[@class='displaycategoryproducts-wrapper']/table/tbody/tr[2]/td[1]/text()[3]	Model Number 2	FALSE	//div[@class='displaycategoryproducts-wrapper']/table/tbody/tr[3]/td[1]/text()[2]	Item Number 3	FALSE	//div[@class='displaycategoryproducts-wrapper']/table/tbody/tr[3]/td[1]/text()[3]	Model Number 3	FALSE	//div[@class='displaycategoryproducts-wrapper']/table/tbody/tr[4]/td[1]/text()[2]	Item Number 4	FALSE	//div[@class='displaycategoryproducts-wrapper']/table/tbody/tr[4]/td[1]/text()[3]	Model Number 4	FALSE	//div[@class='displaycategoryproducts-wrapper']/table/tbody/tr[5]/td[1]/text()[2]	Item Number 5	FALSE	//div[@class='displaycategoryproducts-wrapper']/table/tbody/tr[5]/td[1]/text()[3]	Model Number 5	FALSE
www.wasserstrom.com	9714-Dinner Napkins	//*[@id='specs']/tbody/tr/td/div/div/table/tbody/tr[2]/td[2]/text()	Product ID	TRUE	//*[@id='specs']/tbody/tr/td/div/div/table/tbody/tr[4]/td[2]/text()	Model Number	TRUE	//b[text()='UPC']/../../td[2]/text()	UPC	TRUE	//b[text()='Mfg Part #']/../../td[2]/text()	Mfg Part #	TRUE	//div[@class='displaycategoryproducts-wrapper']/table/tbody/tr[1]/td[1]/text()[2]	Item Number 1	FALSE	//div[@class='displaycategoryproducts-wrapper']/table/tbody/tr[1]/td[1]/text()[3]	Model Number 1	FALSE	//div[@class='displaycategoryproducts-wrapper']/table/tbody/tr[2]/td[1]/text()[2]	Item Number 2	FALSE	//div[@class='displaycategoryproducts-wrapper']/table/tbody/tr[2]/td[1]/text()[3]	Model Number 2	FALSE	//div[@class='displaycategoryproducts-wrapper']/table/tbody/tr[3]/td[1]/text()[2]	Item Number 3	FALSE	//div[@class='displaycategoryproducts-wrapper']/table/tbody/tr[3]/td[1]/text()[3]	Model Number 3	FALSE	//div[@class='displaycategoryproducts-wrapper']/table/tbody/tr[4]/td[1]/text()[2]	Item Number 4	FALSE	//div[@class='displaycategoryproducts-wrapper']/table/tbody/tr[4]/td[1]/text()[3]	Model Number 4	FALSE	//div[@class='displaycategoryproducts-wrapper']/table/tbody/tr[5]/td[1]/text()[2]	Item Number 5	FALSE	//div[@class='displaycategoryproducts-wrapper']/table/tbody/tr[5]/td[1]/text()[3]	Model Number 5	FALSE
www.wasserstrom.com	9715-Dishwasher and Disposer Parts	//*[@id='specs']/tbody/tr/td/div/div/table/tbody/tr[2]/td[2]/text()	Product ID	TRUE	//*[@id='specs']/tbody/tr/td/div/div/table/tbody/tr[4]/td[2]/text()	Model Number	TRUE	//b[text()='UPC']/../../td[2]/text()	UPC	TRUE	//b[text()='Mfg Part #']/../../td[2]/text()	Mfg Part #	TRUE	//div[@class='displaycategoryproducts-wrapper']/table/tbody/tr[1]/td[1]/text()[2]	Item Number 1	FALSE	//div[@class='displaycategoryproducts-wrapper']/table/tbody/tr[1]/td[1]/text()[3]	Model Number 1	FALSE	//div[@class='displaycategoryproducts-wrapper']/table/tbody/tr[2]/td[1]/text()[2]	Item Number 2	FALSE	//div[@class='displaycategoryproducts-wrapper']/table/tbody/tr[2]/td[1]/text()[3]	Model Number 2	FALSE	//div[@class='displaycategoryproducts-wrapper']/table/tbody/tr[3]/td[1]/text()[2]	Item Number 3	FALSE	//div[@class='displaycategoryproducts-wrapper']/table/tbody/tr[3]/td[1]/text()[3]	Model Number 3	FALSE	//div[@class='displaycategoryproducts-wrapper']/table/tbody/tr[4]/td[1]/text()[2]	Item Number 4	FALSE	//div[@class='displaycategoryproducts-wrapper']/table/tbody/tr[4]/td[1]/text()[3]	Model Number 4	FALSE	//div[@class='displaycategoryproducts-wrapper']/table/tbody/tr[5]/td[1]/text()[2]	Item Number 5	FALSE	//div[@class='displaycategoryproducts-wrapper']/table/tbody/tr[5]/td[1]/text()[3]	Model Number 5	FALSE
www.wasserstrom.com	9716-Disposable Tray Covers and Liners	//*[@id='specs']/tbody/tr/td/div/div/table/tbody/tr[2]/td[2]/text()	Product ID	TRUE	//*[@id='specs']/tbody/tr/td/div/div/table/tbody/tr[4]/td[2]/text()	Model Number	TRUE	//b[text()='UPC']/../../td[2]/text()	UPC	TRUE	//b[text()='Mfg Part #']/../../td[2]/text()	Mfg Part #	TRUE	//div[@class='displaycategoryproducts-wrapper']/table/tbody/tr[1]/td[1]/text()[2]	Item Number 1	FALSE	//div[@class='displaycategoryproducts-wrapper']/table/tbody/tr[1]/td[1]/text()[3]	Model Number 1	FALSE	//div[@class='displaycategoryproducts-wrapper']/table/tbody/tr[2]/td[1]/text()[2]	Item Number 2	FALSE	//div[@class='displaycategoryproducts-wrapper']/table/tbody/tr[2]/td[1]/text()[3]	Model Number 2	FALSE	//div[@class='displaycategoryproducts-wrapper']/table/tbody/tr[3]/td[1]/text()[2]	Item Number 3	FALSE	//div[@class='displaycategoryproducts-wrapper']/table/tbody/tr[3]/td[1]/text()[3]	Model Number 3	FALSE	//div[@class='displaycategoryproducts-wrapper']/table/tbody/tr[4]/td[1]/text()[2]	Item Number 4	FALSE	//div[@class='displaycategoryproducts-wrapper']/table/tbody/tr[4]/td[1]/text()[3]	Model Number 4	FALSE	//div[@class='displaycategoryproducts-wrapper']/table/tbody/tr[5]/td[1]/text()[2]	Item Number 5	FALSE	//div[@class='displaycategoryproducts-wrapper']/table/tbody/tr[5]/td[1]/text()[3]	Model Number 5	FALSE
www.wasserstrom.com	9717-Dormont Parts	//*[@id='specs']/tbody/tr/td/div/div/table/tbody/tr[2]/td[2]/text()	Product ID	TRUE	//*[@id='specs']/tbody/tr/td/div/div/table/tbody/tr[4]/td[2]/text()	Model Number	TRUE	//b[text()='UPC']/../../td[2]/text()	UPC	TRUE	//b[text()='Mfg Part #']/../../td[2]/text()	Mfg Part #	TRUE	//div[@class='displaycategoryproducts-wrapper']/table/tbody/tr[1]/td[1]/text()[2]	Item Number 1	FALSE	//div[@class='displaycategoryproducts-wrapper']/table/tbody/tr[1]/td[1]/text()[3]	Model Number 1	FALSE	//div[@class='displaycategoryproducts-wrapper']/table/tbody/tr[2]/td[1]/text()[2]	Item Number 2	FALSE	//div[@class='displaycategoryproducts-wrapper']/table/tbody/tr[2]/td[1]/text()[3]	Model Number 2	FALSE	//div[@class='displaycategoryproducts-wrapper']/table/tbody/tr[3]/td[1]/text()[2]	Item Number 3	FALSE	//div[@class='displaycategoryproducts-wrapper']/table/tbody/tr[3]/td[1]/text()[3]	Model Number 3	FALSE	//div[@class='displaycategoryproducts-wrapper']/table/tbody/tr[4]/td[1]/text()[2]	Item Number 4	FALSE	//div[@class='displaycategoryproducts-wrapper']/table/tbody/tr[4]/td[1]/text()[3]	Model Number 4	FALSE	//div[@class='displaycategoryproducts-wrapper']/table/tbody/tr[5]/td[1]/text()[2]	Item Number 5	FALSE	//div[@class='displaycategoryproducts-wrapper']/table/tbody/tr[5]/td[1]/text()[3]	Model Number 5	FALSE
www.wasserstrom.com	9718-Electronics	//*[@id='specs']/tbody/tr/td/div/div/table/tbody/tr[2]/td[2]/text()	Product ID	TRUE	//*[@id='specs']/tbody/tr/td/div/div/table/tbody/tr[4]/td[2]/text()	Model Number	TRUE	//b[text()='UPC']/../../td[2]/text()	UPC	TRUE	//b[text()='Mfg Part #']/../../td[2]/text()	Mfg Part #	TRUE	//div[@class='displaycategoryproducts-wrapper']/table/tbody/tr[1]/td[1]/text()[2]	Item Number 1	FALSE	//div[@class='displaycategoryproducts-wrapper']/table/tbody/tr[1]/td[1]/text()[3]	Model Number 1	FALSE	//div[@class='displaycategoryproducts-wrapper']/table/tbody/tr[2]/td[1]/text()[2]	Item Number 2	FALSE	//div[@class='displaycategoryproducts-wrapper']/table/tbody/tr[2]/td[1]/text()[3]	Model Number 2	FALSE	//div[@class='displaycategoryproducts-wrapper']/table/tbody/tr[3]/td[1]/text()[2]	Item Number 3	FALSE	//div[@class='displaycategoryproducts-wrapper']/table/tbody/tr[3]/td[1]/text()[3]	Model Number 3	FALSE	//div[@class='displaycategoryproducts-wrapper']/table/tbody/tr[4]/td[1]/text()[2]	Item Number 4	FALSE	//div[@class='displaycategoryproducts-wrapper']/table/tbody/tr[4]/td[1]/text()[3]	Model Number 4	FALSE	//div[@class='displaycategoryproducts-wrapper']/table/tbody/tr[5]/td[1]/text()[2]	Item Number 5	FALSE	//div[@class='displaycategoryproducts-wrapper']/table/tbody/tr[5]/td[1]/text()[3]	Model Number 5	FALSE
www.wasserstrom.com	9719-Floor Mat Accessories	//*[@id='specs']/tbody/tr/td/div/div/table/tbody/tr[2]/td[2]/text()	Product ID	TRUE	//*[@id='specs']/tbody/tr/td/div/div/table/tbody/tr[4]/td[2]/text()	Model Number	TRUE	//b[text()='UPC']/../../td[2]/text()	UPC	TRUE	//b[text()='Mfg Part #']/../../td[2]/text()	Mfg Part #	TRUE	//div[@class='displaycategoryproducts-wrapper']/table/tbody/tr[1]/td[1]/text()[2]	Item Number 1	FALSE	//div[@class='displaycategoryproducts-wrapper']/table/tbody/tr[1]/td[1]/text()[3]	Model Number 1	FALSE	//div[@class='displaycategoryproducts-wrapper']/table/tbody/tr[2]/td[1]/text()[2]	Item Number 2	FALSE	//div[@class='displaycategoryproducts-wrapper']/table/tbody/tr[2]/td[1]/text()[3]	Model Number 2	FALSE	//div[@class='displaycategoryproducts-wrapper']/table/tbody/tr[3]/td[1]/text()[2]	Item Number 3	FALSE	//div[@class='displaycategoryproducts-wrapper']/table/tbody/tr[3]/td[1]/text()[3]	Model Number 3	FALSE	//div[@class='displaycategoryproducts-wrapper']/table/tbody/tr[4]/td[1]/text()[2]	Item Number 4	FALSE	//div[@class='displaycategoryproducts-wrapper']/table/tbody/tr[4]/td[1]/text()[3]	Model Number 4	FALSE	//div[@class='displaycategoryproducts-wrapper']/table/tbody/tr[5]/td[1]/text()[2]	Item Number 5	FALSE	//div[@class='displaycategoryproducts-wrapper']/table/tbody/tr[5]/td[1]/text()[3]	Model Number 5	FALSE
www.wasserstrom.com	9720-Floral Cases	//*[@id='specs']/tbody/tr/td/div/div/table/tbody/tr[2]/td[2]/text()	Product ID	TRUE	//*[@id='specs']/tbody/tr/td/div/div/table/tbody/tr[4]/td[2]/text()	Model Number	TRUE	//b[text()='UPC']/../../td[2]/text()	UPC	TRUE	//b[text()='Mfg Part #']/../../td[2]/text()	Mfg Part #	TRUE	//div[@class='displaycategoryproducts-wrapper']/table/tbody/tr[1]/td[1]/text()[2]	Item Number 1	FALSE	//div[@class='displaycategoryproducts-wrapper']/table/tbody/tr[1]/td[1]/text()[3]	Model Number 1	FALSE	//div[@class='displaycategoryproducts-wrapper']/table/tbody/tr[2]/td[1]/text()[2]	Item Number 2	FALSE	//div[@class='displaycategoryproducts-wrapper']/table/tbody/tr[2]/td[1]/text()[3]	Model Number 2	FALSE	//div[@class='displaycategoryproducts-wrapper']/table/tbody/tr[3]/td[1]/text()[2]	Item Number 3	FALSE	//div[@class='displaycategoryproducts-wrapper']/table/tbody/tr[3]/td[1]/text()[3]	Model Number 3	FALSE	//div[@class='displaycategoryproducts-wrapper']/table/tbody/tr[4]/td[1]/text()[2]	Item Number 4	FALSE	//div[@class='displaycategoryproducts-wrapper']/table/tbody/tr[4]/td[1]/text()[3]	Model Number 4	FALSE	//div[@class='displaycategoryproducts-wrapper']/table/tbody/tr[5]/td[1]/text()[2]	Item Number 5	FALSE	//div[@class='displaycategoryproducts-wrapper']/table/tbody/tr[5]/td[1]/text()[3]	Model Number 5	FALSE
www.wasserstrom.com	9721-Food Boxes	//*[@id='specs']/tbody/tr/td/div/div/table/tbody/tr[2]/td[2]/text()	Product ID	TRUE	//*[@id='specs']/tbody/tr/td/div/div/table/tbody/tr[4]/td[2]/text()	Model Number	TRUE	//b[text()='UPC']/../../td[2]/text()	UPC	TRUE	//b[text()='Mfg Part #']/../../td[2]/text()	Mfg Part #	TRUE	//div[@class='displaycategoryproducts-wrapper']/table/tbody/tr[1]/td[1]/text()[2]	Item Number 1	FALSE	//div[@class='displaycategoryproducts-wrapper']/table/tbody/tr[1]/td[1]/text()[3]	Model Number 1	FALSE	//div[@class='displaycategoryproducts-wrapper']/table/tbody/tr[2]/td[1]/text()[2]	Item Number 2	FALSE	//div[@class='displaycategoryproducts-wrapper']/table/tbody/tr[2]/td[1]/text()[3]	Model Number 2	FALSE	//div[@class='displaycategoryproducts-wrapper']/table/tbody/tr[3]/td[1]/text()[2]	Item Number 3	FALSE	//div[@class='displaycategoryproducts-wrapper']/table/tbody/tr[3]/td[1]/text()[3]	Model Number 3	FALSE	//div[@class='displaycategoryproducts-wrapper']/table/tbody/tr[4]/td[1]/text()[2]	Item Number 4	FALSE	//div[@class='displaycategoryproducts-wrapper']/table/tbody/tr[4]/td[1]/text()[3]	Model Number 4	FALSE	//div[@class='displaycategoryproducts-wrapper']/table/tbody/tr[5]/td[1]/text()[2]	Item Number 5	FALSE	//div[@class='displaycategoryproducts-wrapper']/table/tbody/tr[5]/td[1]/text()[3]	Model Number 5	FALSE
www.wasserstrom.com	9722-G.E.T. Milano Dinnerware	//*[@id='specs']/tbody/tr/td/div/div/table/tbody/tr[2]/td[2]/text()	Product ID	TRUE	//*[@id='specs']/tbody/tr/td/div/div/table/tbody/tr[4]/td[2]/text()	Model Number	TRUE	//b[text()='UPC']/../../td[2]/text()	UPC	TRUE	//b[text()='Mfg Part #']/../../td[2]/text()	Mfg Part #	TRUE	//div[@class='displaycategoryproducts-wrapper']/table/tbody/tr[1]/td[1]/text()[2]	Item Number 1	FALSE	//div[@class='displaycategoryproducts-wrapper']/table/tbody/tr[1]/td[1]/text()[3]	Model Number 1	FALSE	//div[@class='displaycategoryproducts-wrapper']/table/tbody/tr[2]/td[1]/text()[2]	Item Number 2	FALSE	//div[@class='displaycategoryproducts-wrapper']/table/tbody/tr[2]/td[1]/text()[3]	Model Number 2	FALSE	//div[@class='displaycategoryproducts-wrapper']/table/tbody/tr[3]/td[1]/text()[2]	Item Number 3	FALSE	//div[@class='displaycategoryproducts-wrapper']/table/tbody/tr[3]/td[1]/text()[3]	Model Number 3	FALSE	//div[@class='displaycategoryproducts-wrapper']/table/tbody/tr[4]/td[1]/text()[2]	Item Number 4	FALSE	//div[@class='displaycategoryproducts-wrapper']/table/tbody/tr[4]/td[1]/text()[3]	Model Number 4	FALSE	//div[@class='displaycategoryproducts-wrapper']/table/tbody/tr[5]/td[1]/text()[2]	Item Number 5	FALSE	//div[@class='displaycategoryproducts-wrapper']/table/tbody/tr[5]/td[1]/text()[3]	Model Number 5	FALSE
www.wasserstrom.com	9723-Gas Connectors	//*[@id='specs']/tbody/tr/td/div/div/table/tbody/tr[2]/td[2]/text()	Product ID	TRUE	//*[@id='specs']/tbody/tr/td/div/div/table/tbody/tr[4]/td[2]/text()	Model Number	TRUE	//b[text()='UPC']/../../td[2]/text()	UPC	TRUE	//b[text()='Mfg Part #']/../../td[2]/text()	Mfg Part #	TRUE	//div[@class='displaycategoryproducts-wrapper']/table/tbody/tr[1]/td[1]/text()[2]	Item Number 1	FALSE	//div[@class='displaycategoryproducts-wrapper']/table/tbody/tr[1]/td[1]/text()[3]	Model Number 1	FALSE	//div[@class='displaycategoryproducts-wrapper']/table/tbody/tr[2]/td[1]/text()[2]	Item Number 2	FALSE	//div[@class='displaycategoryproducts-wrapper']/table/tbody/tr[2]/td[1]/text()[3]	Model Number 2	FALSE	//div[@class='displaycategoryproducts-wrapper']/table/tbody/tr[3]/td[1]/text()[2]	Item Number 3	FALSE	//div[@class='displaycategoryproducts-wrapper']/table/tbody/tr[3]/td[1]/text()[3]	Model Number 3	FALSE	//div[@class='displaycategoryproducts-wrapper']/table/tbody/tr[4]/td[1]/text()[2]	Item Number 4	FALSE	//div[@class='displaycategoryproducts-wrapper']/table/tbody/tr[4]/td[1]/text()[3]	Model Number 4	FALSE	//div[@class='displaycategoryproducts-wrapper']/table/tbody/tr[5]/td[1]/text()[2]	Item Number 5	FALSE	//div[@class='displaycategoryproducts-wrapper']/table/tbody/tr[5]/td[1]/text()[3]	Model Number 5	FALSE
www.wasserstrom.com	9724-Glass and Plate Chillers	//*[@id='specs']/tbody/tr/td/div/div/table/tbody/tr[2]/td[2]/text()	Product ID	TRUE	//*[@id='specs']/tbody/tr/td/div/div/table/tbody/tr[4]/td[2]/text()	Model Number	TRUE	//b[text()='UPC']/../../td[2]/text()	UPC	TRUE	//b[text()='Mfg Part #']/../../td[2]/text()	Mfg Part #	TRUE	//div[@class='displaycategoryproducts-wrapper']/table/tbody/tr[1]/td[1]/text()[2]	Item Number 1	FALSE	//div[@class='displaycategoryproducts-wrapper']/table/tbody/tr[1]/td[1]/text()[3]	Model Number 1	FALSE	//div[@class='displaycategoryproducts-wrapper']/table/tbody/tr[2]/td[1]/text()[2]	Item Number 2	FALSE	//div[@class='displaycategoryproducts-wrapper']/table/tbody/tr[2]/td[1]/text()[3]	Model Number 2	FALSE	//div[@class='displaycategoryproducts-wrapper']/table/tbody/tr[3]/td[1]/text()[2]	Item Number 3	FALSE	//div[@class='displaycategoryproducts-wrapper']/table/tbody/tr[3]/td[1]/text()[3]	Model Number 3	FALSE	//div[@class='displaycategoryproducts-wrapper']/table/tbody/tr[4]/td[1]/text()[2]	Item Number 4	FALSE	//div[@class='displaycategoryproducts-wrapper']/table/tbody/tr[4]/td[1]/text()[3]	Model Number 4	FALSE	//div[@class='displaycategoryproducts-wrapper']/table/tbody/tr[5]/td[1]/text()[2]	Item Number 5	FALSE	//div[@class='displaycategoryproducts-wrapper']/table/tbody/tr[5]/td[1]/text()[3]	Model Number 5	FALSE
www.wasserstrom.com	9725-Glass, China, and Stoneware Pitchers	//*[@id='specs']/tbody/tr/td/div/div/table/tbody/tr[2]/td[2]/text()	Product ID	TRUE	//*[@id='specs']/tbody/tr/td/div/div/table/tbody/tr[4]/td[2]/text()	Model Number	TRUE	//b[text()='UPC']/../../td[2]/text()	UPC	TRUE	//b[text()='Mfg Part #']/../../td[2]/text()	Mfg Part #	TRUE	//div[@class='displaycategoryproducts-wrapper']/table/tbody/tr[1]/td[1]/text()[2]	Item Number 1	FALSE	//div[@class='displaycategoryproducts-wrapper']/table/tbody/tr[1]/td[1]/text()[3]	Model Number 1	FALSE	//div[@class='displaycategoryproducts-wrapper']/table/tbody/tr[2]/td[1]/text()[2]	Item Number 2	FALSE	//div[@class='displaycategoryproducts-wrapper']/table/tbody/tr[2]/td[1]/text()[3]	Model Number 2	FALSE	//div[@class='displaycategoryproducts-wrapper']/table/tbody/tr[3]/td[1]/text()[2]	Item Number 3	FALSE	//div[@class='displaycategoryproducts-wrapper']/table/tbody/tr[3]/td[1]/text()[3]	Model Number 3	FALSE	//div[@class='displaycategoryproducts-wrapper']/table/tbody/tr[4]/td[1]/text()[2]	Item Number 4	FALSE	//div[@class='displaycategoryproducts-wrapper']/table/tbody/tr[4]/td[1]/text()[3]	Model Number 4	FALSE	//div[@class='displaycategoryproducts-wrapper']/table/tbody/tr[5]/td[1]/text()[2]	Item Number 5	FALSE	//div[@class='displaycategoryproducts-wrapper']/table/tbody/tr[5]/td[1]/text()[3]	Model Number 5	FALSE
www.wasserstrom.com	9726-Globe Equipment Parts	//*[@id='specs']/tbody/tr/td/div/div/table/tbody/tr[2]/td[2]/text()	Product ID	TRUE	//*[@id='specs']/tbody/tr/td/div/div/table/tbody/tr[4]/td[2]/text()	Model Number	TRUE	//b[text()='UPC']/../../td[2]/text()	UPC	TRUE	//b[text()='Mfg Part #']/../../td[2]/text()	Mfg Part #	TRUE	//div[@class='displaycategoryproducts-wrapper']/table/tbody/tr[1]/td[1]/text()[2]	Item Number 1	FALSE	//div[@class='displaycategoryproducts-wrapper']/table/tbody/tr[1]/td[1]/text()[3]	Model Number 1	FALSE	//div[@class='displaycategoryproducts-wrapper']/table/tbody/tr[2]/td[1]/text()[2]	Item Number 2	FALSE	//div[@class='displaycategoryproducts-wrapper']/table/tbody/tr[2]/td[1]/text()[3]	Model Number 2	FALSE	//div[@class='displaycategoryproducts-wrapper']/table/tbody/tr[3]/td[1]/text()[2]	Item Number 3	FALSE	//div[@class='displaycategoryproducts-wrapper']/table/tbody/tr[3]/td[1]/text()[3]	Model Number 3	FALSE	//div[@class='displaycategoryproducts-wrapper']/table/tbody/tr[4]/td[1]/text()[2]	Item Number 4	FALSE	//div[@class='displaycategoryproducts-wrapper']/table/tbody/tr[4]/td[1]/text()[3]	Model Number 4	FALSE	//div[@class='displaycategoryproducts-wrapper']/table/tbody/tr[5]/td[1]/text()[2]	Item Number 5	FALSE	//div[@class='displaycategoryproducts-wrapper']/table/tbody/tr[5]/td[1]/text()[3]	Model Number 5	FALSE
www.wasserstrom.com	9727-Half Size Chafers	//*[@id='specs']/tbody/tr/td/div/div/table/tbody/tr[2]/td[2]/text()	Product ID	TRUE	//*[@id='specs']/tbody/tr/td/div/div/table/tbody/tr[4]/td[2]/text()	Model Number	TRUE	//b[text()='UPC']/../../td[2]/text()	UPC	TRUE	//b[text()='Mfg Part #']/../../td[2]/text()	Mfg Part #	TRUE	//div[@class='displaycategoryproducts-wrapper']/table/tbody/tr[1]/td[1]/text()[2]	Item Number 1	FALSE	//div[@class='displaycategoryproducts-wrapper']/table/tbody/tr[1]/td[1]/text()[3]	Model Number 1	FALSE	//div[@class='displaycategoryproducts-wrapper']/table/tbody/tr[2]/td[1]/text()[2]	Item Number 2	FALSE	//div[@class='displaycategoryproducts-wrapper']/table/tbody/tr[2]/td[1]/text()[3]	Model Number 2	FALSE	//div[@class='displaycategoryproducts-wrapper']/table/tbody/tr[3]/td[1]/text()[2]	Item Number 3	FALSE	//div[@class='displaycategoryproducts-wrapper']/table/tbody/tr[3]/td[1]/text()[3]	Model Number 3	FALSE	//div[@class='displaycategoryproducts-wrapper']/table/tbody/tr[4]/td[1]/text()[2]	Item Number 4	FALSE	//div[@class='displaycategoryproducts-wrapper']/table/tbody/tr[4]/td[1]/text()[3]	Model Number 4	FALSE	//div[@class='displaycategoryproducts-wrapper']/table/tbody/tr[5]/td[1]/text()[2]	Item Number 5	FALSE	//div[@class='displaycategoryproducts-wrapper']/table/tbody/tr[5]/td[1]/text()[3]	Model Number 5	FALSE
www.wasserstrom.com	9728-Ice Machine Accessories	//*[@id='specs']/tbody/tr/td/div/div/table/tbody/tr[2]/td[2]/text()	Product ID	TRUE	//*[@id='specs']/tbody/tr/td/div/div/table/tbody/tr[4]/td[2]/text()	Model Number	TRUE	//b[text()='UPC']/../../td[2]/text()	UPC	TRUE	//b[text()='Mfg Part #']/../../td[2]/text()	Mfg Part #	TRUE	//div[@class='displaycategoryproducts-wrapper']/table/tbody/tr[1]/td[1]/text()[2]	Item Number 1	FALSE	//div[@class='displaycategoryproducts-wrapper']/table/tbody/tr[1]/td[1]/text()[3]	Model Number 1	FALSE	//div[@class='displaycategoryproducts-wrapper']/table/tbody/tr[2]/td[1]/text()[2]	Item Number 2	FALSE	//div[@class='displaycategoryproducts-wrapper']/table/tbody/tr[2]/td[1]/text()[3]	Model Number 2	FALSE	//div[@class='displaycategoryproducts-wrapper']/table/tbody/tr[3]/td[1]/text()[2]	Item Number 3	FALSE	//div[@class='displaycategoryproducts-wrapper']/table/tbody/tr[3]/td[1]/text()[3]	Model Number 3	FALSE	//div[@class='displaycategoryproducts-wrapper']/table/tbody/tr[4]/td[1]/text()[2]	Item Number 4	FALSE	//div[@class='displaycategoryproducts-wrapper']/table/tbody/tr[4]/td[1]/text()[3]	Model Number 4	FALSE	//div[@class='displaycategoryproducts-wrapper']/table/tbody/tr[5]/td[1]/text()[2]	Item Number 5	FALSE	//div[@class='displaycategoryproducts-wrapper']/table/tbody/tr[5]/td[1]/text()[3]	Model Number 5	FALSE
www.wasserstrom.com	9729-Janitorial	//*[@id='specs']/tbody/tr/td/div/div/table/tbody/tr[2]/td[2]/text()	Product ID	TRUE	//*[@id='specs']/tbody/tr/td/div/div/table/tbody/tr[4]/td[2]/text()	Model Number	TRUE	//b[text()='UPC']/../../td[2]/text()	UPC	TRUE	//b[text()='Mfg Part #']/../../td[2]/text()	Mfg Part #	TRUE	//div[@class='displaycategoryproducts-wrapper']/table/tbody/tr[1]/td[1]/text()[2]	Item Number 1	FALSE	//div[@class='displaycategoryproducts-wrapper']/table/tbody/tr[1]/td[1]/text()[3]	Model Number 1	FALSE	//div[@class='displaycategoryproducts-wrapper']/table/tbody/tr[2]/td[1]/text()[2]	Item Number 2	FALSE	//div[@class='displaycategoryproducts-wrapper']/table/tbody/tr[2]/td[1]/text()[3]	Model Number 2	FALSE	//div[@class='displaycategoryproducts-wrapper']/table/tbody/tr[3]/td[1]/text()[2]	Item Number 3	FALSE	//div[@class='displaycategoryproducts-wrapper']/table/tbody/tr[3]/td[1]/text()[3]	Model Number 3	FALSE	//div[@class='displaycategoryproducts-wrapper']/table/tbody/tr[4]/td[1]/text()[2]	Item Number 4	FALSE	//div[@class='displaycategoryproducts-wrapper']/table/tbody/tr[4]/td[1]/text()[3]	Model Number 4	FALSE	//div[@class='displaycategoryproducts-wrapper']/table/tbody/tr[5]/td[1]/text()[2]	Item Number 5	FALSE	//div[@class='displaycategoryproducts-wrapper']/table/tbody/tr[5]/td[1]/text()[3]	Model Number 5	FALSE
www.wasserstrom.com	9730-Jumbo Straws	//*[@id='specs']/tbody/tr/td/div/div/table/tbody/tr[2]/td[2]/text()	Product ID	TRUE	//*[@id='specs']/tbody/tr/td/div/div/table/tbody/tr[4]/td[2]/text()	Model Number	TRUE	//b[text()='UPC']/../../td[2]/text()	UPC	TRUE	//b[text()='Mfg Part #']/../../td[2]/text()	Mfg Part #	TRUE	//div[@class='displaycategoryproducts-wrapper']/table/tbody/tr[1]/td[1]/text()[2]	Item Number 1	FALSE	//div[@class='displaycategoryproducts-wrapper']/table/tbody/tr[1]/td[1]/text()[3]	Model Number 1	FALSE	//div[@class='displaycategoryproducts-wrapper']/table/tbody/tr[2]/td[1]/text()[2]	Item Number 2	FALSE	//div[@class='displaycategoryproducts-wrapper']/table/tbody/tr[2]/td[1]/text()[3]	Model Number 2	FALSE	//div[@class='displaycategoryproducts-wrapper']/table/tbody/tr[3]/td[1]/text()[2]	Item Number 3	FALSE	//div[@class='displaycategoryproducts-wrapper']/table/tbody/tr[3]/td[1]/text()[3]	Model Number 3	FALSE	//div[@class='displaycategoryproducts-wrapper']/table/tbody/tr[4]/td[1]/text()[2]	Item Number 4	FALSE	//div[@class='displaycategoryproducts-wrapper']/table/tbody/tr[4]/td[1]/text()[3]	Model Number 4	FALSE	//div[@class='displaycategoryproducts-wrapper']/table/tbody/tr[5]/td[1]/text()[2]	Item Number 5	FALSE	//div[@class='displaycategoryproducts-wrapper']/table/tbody/tr[5]/td[1]/text()[3]	Model Number 5	FALSE
www.wasserstrom.com	9731-Kitchen Gadgets	//*[@id='specs']/tbody/tr/td/div/div/table/tbody/tr[2]/td[2]/text()	Product ID	TRUE	//*[@id='specs']/tbody/tr/td/div/div/table/tbody/tr[4]/td[2]/text()	Model Number	TRUE	//b[text()='UPC']/../../td[2]/text()	UPC	TRUE	//b[text()='Mfg Part #']/../../td[2]/text()	Mfg Part #	TRUE	//div[@class='displaycategoryproducts-wrapper']/table/tbody/tr[1]/td[1]/text()[2]	Item Number 1	FALSE	//div[@class='displaycategoryproducts-wrapper']/table/tbody/tr[1]/td[1]/text()[3]	Model Number 1	FALSE	//div[@class='displaycategoryproducts-wrapper']/table/tbody/tr[2]/td[1]/text()[2]	Item Number 2	FALSE	//div[@class='displaycategoryproducts-wrapper']/table/tbody/tr[2]/td[1]/text()[3]	Model Number 2	FALSE	//div[@class='displaycategoryproducts-wrapper']/table/tbody/tr[3]/td[1]/text()[2]	Item Number 3	FALSE	//div[@class='displaycategoryproducts-wrapper']/table/tbody/tr[3]/td[1]/text()[3]	Model Number 3	FALSE	//div[@class='displaycategoryproducts-wrapper']/table/tbody/tr[4]/td[1]/text()[2]	Item Number 4	FALSE	//div[@class='displaycategoryproducts-wrapper']/table/tbody/tr[4]/td[1]/text()[3]	Model Number 4	FALSE	//div[@class='displaycategoryproducts-wrapper']/table/tbody/tr[5]/td[1]/text()[2]	Item Number 5	FALSE	//div[@class='displaycategoryproducts-wrapper']/table/tbody/tr[5]/td[1]/text()[3]	Model Number 5	FALSE
www.wasserstrom.com	9732-Lamp Shades	//*[@id='specs']/tbody/tr/td/div/div/table/tbody/tr[2]/td[2]/text()	Product ID	TRUE	//*[@id='specs']/tbody/tr/td/div/div/table/tbody/tr[4]/td[2]/text()	Model Number	TRUE	//b[text()='UPC']/../../td[2]/text()	UPC	TRUE	//b[text()='Mfg Part #']/../../td[2]/text()	Mfg Part #	TRUE	//div[@class='displaycategoryproducts-wrapper']/table/tbody/tr[1]/td[1]/text()[2]	Item Number 1	FALSE	//div[@class='displaycategoryproducts-wrapper']/table/tbody/tr[1]/td[1]/text()[3]	Model Number 1	FALSE	//div[@class='displaycategoryproducts-wrapper']/table/tbody/tr[2]/td[1]/text()[2]	Item Number 2	FALSE	//div[@class='displaycategoryproducts-wrapper']/table/tbody/tr[2]/td[1]/text()[3]	Model Number 2	FALSE	//div[@class='displaycategoryproducts-wrapper']/table/tbody/tr[3]/td[1]/text()[2]	Item Number 3	FALSE	//div[@class='displaycategoryproducts-wrapper']/table/tbody/tr[3]/td[1]/text()[3]	Model Number 3	FALSE	//div[@class='displaycategoryproducts-wrapper']/table/tbody/tr[4]/td[1]/text()[2]	Item Number 4	FALSE	//div[@class='displaycategoryproducts-wrapper']/table/tbody/tr[4]/td[1]/text()[3]	Model Number 4	FALSE	//div[@class='displaycategoryproducts-wrapper']/table/tbody/tr[5]/td[1]/text()[2]	Item Number 5	FALSE	//div[@class='displaycategoryproducts-wrapper']/table/tbody/tr[5]/td[1]/text()[3]	Model Number 5	FALSE
www.wasserstrom.com	9733-Latex Gloves	//*[@id='specs']/tbody/tr/td/div/div/table/tbody/tr[2]/td[2]/text()	Product ID	TRUE	//*[@id='specs']/tbody/tr/td/div/div/table/tbody/tr[4]/td[2]/text()	Model Number	TRUE	//b[text()='UPC']/../../td[2]/text()	UPC	TRUE	//b[text()='Mfg Part #']/../../td[2]/text()	Mfg Part #	TRUE	//div[@class='displaycategoryproducts-wrapper']/table/tbody/tr[1]/td[1]/text()[2]	Item Number 1	FALSE	//div[@class='displaycategoryproducts-wrapper']/table/tbody/tr[1]/td[1]/text()[3]	Model Number 1	FALSE	//div[@class='displaycategoryproducts-wrapper']/table/tbody/tr[2]/td[1]/text()[2]	Item Number 2	FALSE	//div[@class='displaycategoryproducts-wrapper']/table/tbody/tr[2]/td[1]/text()[3]	Model Number 2	FALSE	//div[@class='displaycategoryproducts-wrapper']/table/tbody/tr[3]/td[1]/text()[2]	Item Number 3	FALSE	//div[@class='displaycategoryproducts-wrapper']/table/tbody/tr[3]/td[1]/text()[3]	Model Number 3	FALSE	//div[@class='displaycategoryproducts-wrapper']/table/tbody/tr[4]/td[1]/text()[2]	Item Number 4	FALSE	//div[@class='displaycategoryproducts-wrapper']/table/tbody/tr[4]/td[1]/text()[3]	Model Number 4	FALSE	//div[@class='displaycategoryproducts-wrapper']/table/tbody/tr[5]/td[1]/text()[2]	Item Number 5	FALSE	//div[@class='displaycategoryproducts-wrapper']/table/tbody/tr[5]/td[1]/text()[3]	Model Number 5	FALSE
www.wasserstrom.com	9734-Liquid Coffee Dispensers	//*[@id='specs']/tbody/tr/td/div/div/table/tbody/tr[2]/td[2]/text()	Product ID	TRUE	//*[@id='specs']/tbody/tr/td/div/div/table/tbody/tr[4]/td[2]/text()	Model Number	TRUE	//b[text()='UPC']/../../td[2]/text()	UPC	TRUE	//b[text()='Mfg Part #']/../../td[2]/text()	Mfg Part #	TRUE	//div[@class='displaycategoryproducts-wrapper']/table/tbody/tr[1]/td[1]/text()[2]	Item Number 1	FALSE	//div[@class='displaycategoryproducts-wrapper']/table/tbody/tr[1]/td[1]/text()[3]	Model Number 1	FALSE	//div[@class='displaycategoryproducts-wrapper']/table/tbody/tr[2]/td[1]/text()[2]	Item Number 2	FALSE	//div[@class='displaycategoryproducts-wrapper']/table/tbody/tr[2]/td[1]/text()[3]	Model Number 2	FALSE	//div[@class='displaycategoryproducts-wrapper']/table/tbody/tr[3]/td[1]/text()[2]	Item Number 3	FALSE	//div[@class='displaycategoryproducts-wrapper']/table/tbody/tr[3]/td[1]/text()[3]	Model Number 3	FALSE	//div[@class='displaycategoryproducts-wrapper']/table/tbody/tr[4]/td[1]/text()[2]	Item Number 4	FALSE	//div[@class='displaycategoryproducts-wrapper']/table/tbody/tr[4]/td[1]/text()[3]	Model Number 4	FALSE	//div[@class='displaycategoryproducts-wrapper']/table/tbody/tr[5]/td[1]/text()[2]	Item Number 5	FALSE	//div[@class='displaycategoryproducts-wrapper']/table/tbody/tr[5]/td[1]/text()[3]	Model Number 5	FALSE
www.wasserstrom.com	9735-Lug Cart	//*[@id='specs']/tbody/tr/td/div/div/table/tbody/tr[2]/td[2]/text()	Product ID	TRUE	//*[@id='specs']/tbody/tr/td/div/div/table/tbody/tr[4]/td[2]/text()	Model Number	TRUE	//b[text()='UPC']/../../td[2]/text()	UPC	TRUE	//b[text()='Mfg Part #']/../../td[2]/text()	Mfg Part #	TRUE	//div[@class='displaycategoryproducts-wrapper']/table/tbody/tr[1]/td[1]/text()[2]	Item Number 1	FALSE	//div[@class='displaycategoryproducts-wrapper']/table/tbody/tr[1]/td[1]/text()[3]	Model Number 1	FALSE	//div[@class='displaycategoryproducts-wrapper']/table/tbody/tr[2]/td[1]/text()[2]	Item Number 2	FALSE	//div[@class='displaycategoryproducts-wrapper']/table/tbody/tr[2]/td[1]/text()[3]	Model Number 2	FALSE	//div[@class='displaycategoryproducts-wrapper']/table/tbody/tr[3]/td[1]/text()[2]	Item Number 3	FALSE	//div[@class='displaycategoryproducts-wrapper']/table/tbody/tr[3]/td[1]/text()[3]	Model Number 3	FALSE	//div[@class='displaycategoryproducts-wrapper']/table/tbody/tr[4]/td[1]/text()[2]	Item Number 4	FALSE	//div[@class='displaycategoryproducts-wrapper']/table/tbody/tr[4]/td[1]/text()[3]	Model Number 4	FALSE	//div[@class='displaycategoryproducts-wrapper']/table/tbody/tr[5]/td[1]/text()[2]	Item Number 5	FALSE	//div[@class='displaycategoryproducts-wrapper']/table/tbody/tr[5]/td[1]/text()[3]	Model Number 5	FALSE
www.wasserstrom.com	9736-Markers	//*[@id='specs']/tbody/tr/td/div/div/table/tbody/tr[2]/td[2]/text()	Product ID	TRUE	//*[@id='specs']/tbody/tr/td/div/div/table/tbody/tr[4]/td[2]/text()	Model Number	TRUE	//b[text()='UPC']/../../td[2]/text()	UPC	TRUE	//b[text()='Mfg Part #']/../../td[2]/text()	Mfg Part #	TRUE	//div[@class='displaycategoryproducts-wrapper']/table/tbody/tr[1]/td[1]/text()[2]	Item Number 1	FALSE	//div[@class='displaycategoryproducts-wrapper']/table/tbody/tr[1]/td[1]/text()[3]	Model Number 1	FALSE	//div[@class='displaycategoryproducts-wrapper']/table/tbody/tr[2]/td[1]/text()[2]	Item Number 2	FALSE	//div[@class='displaycategoryproducts-wrapper']/table/tbody/tr[2]/td[1]/text()[3]	Model Number 2	FALSE	//div[@class='displaycategoryproducts-wrapper']/table/tbody/tr[3]/td[1]/text()[2]	Item Number 3	FALSE	//div[@class='displaycategoryproducts-wrapper']/table/tbody/tr[3]/td[1]/text()[3]	Model Number 3	FALSE	//div[@class='displaycategoryproducts-wrapper']/table/tbody/tr[4]/td[1]/text()[2]	Item Number 4	FALSE	//div[@class='displaycategoryproducts-wrapper']/table/tbody/tr[4]/td[1]/text()[3]	Model Number 4	FALSE	//div[@class='displaycategoryproducts-wrapper']/table/tbody/tr[5]/td[1]/text()[2]	Item Number 5	FALSE	//div[@class='displaycategoryproducts-wrapper']/table/tbody/tr[5]/td[1]/text()[3]	Model Number 5	FALSE
www.wasserstrom.com	9737-Marmites	//*[@id='specs']/tbody/tr/td/div/div/table/tbody/tr[2]/td[2]/text()	Product ID	TRUE	//*[@id='specs']/tbody/tr/td/div/div/table/tbody/tr[4]/td[2]/text()	Model Number	TRUE	//b[text()='UPC']/../../td[2]/text()	UPC	TRUE	//b[text()='Mfg Part #']/../../td[2]/text()	Mfg Part #	TRUE	//div[@class='displaycategoryproducts-wrapper']/table/tbody/tr[1]/td[1]/text()[2]	Item Number 1	FALSE	//div[@class='displaycategoryproducts-wrapper']/table/tbody/tr[1]/td[1]/text()[3]	Model Number 1	FALSE	//div[@class='displaycategoryproducts-wrapper']/table/tbody/tr[2]/td[1]/text()[2]	Item Number 2	FALSE	//div[@class='displaycategoryproducts-wrapper']/table/tbody/tr[2]/td[1]/text()[3]	Model Number 2	FALSE	//div[@class='displaycategoryproducts-wrapper']/table/tbody/tr[3]/td[1]/text()[2]	Item Number 3	FALSE	//div[@class='displaycategoryproducts-wrapper']/table/tbody/tr[3]/td[1]/text()[3]	Model Number 3	FALSE	//div[@class='displaycategoryproducts-wrapper']/table/tbody/tr[4]/td[1]/text()[2]	Item Number 4	FALSE	//div[@class='displaycategoryproducts-wrapper']/table/tbody/tr[4]/td[1]/text()[3]	Model Number 4	FALSE	//div[@class='displaycategoryproducts-wrapper']/table/tbody/tr[5]/td[1]/text()[2]	Item Number 5	FALSE	//div[@class='displaycategoryproducts-wrapper']/table/tbody/tr[5]/td[1]/text()[3]	Model Number 5	FALSE
www.wasserstrom.com	9738-Meiko Energy Star Appliances	//*[@id='specs']/tbody/tr/td/div/div/table/tbody/tr[2]/td[2]/text()	Product ID	TRUE	//*[@id='specs']/tbody/tr/td/div/div/table/tbody/tr[4]/td[2]/text()	Model Number	TRUE	//b[text()='UPC']/../../td[2]/text()	UPC	TRUE	//b[text()='Mfg Part #']/../../td[2]/text()	Mfg Part #	TRUE	//div[@class='displaycategoryproducts-wrapper']/table/tbody/tr[1]/td[1]/text()[2]	Item Number 1	FALSE	//div[@class='displaycategoryproducts-wrapper']/table/tbody/tr[1]/td[1]/text()[3]	Model Number 1	FALSE	//div[@class='displaycategoryproducts-wrapper']/table/tbody/tr[2]/td[1]/text()[2]	Item Number 2	FALSE	//div[@class='displaycategoryproducts-wrapper']/table/tbody/tr[2]/td[1]/text()[3]	Model Number 2	FALSE	//div[@class='displaycategoryproducts-wrapper']/table/tbody/tr[3]/td[1]/text()[2]	Item Number 3	FALSE	//div[@class='displaycategoryproducts-wrapper']/table/tbody/tr[3]/td[1]/text()[3]	Model Number 3	FALSE	//div[@class='displaycategoryproducts-wrapper']/table/tbody/tr[4]/td[1]/text()[2]	Item Number 4	FALSE	//div[@class='displaycategoryproducts-wrapper']/table/tbody/tr[4]/td[1]/text()[3]	Model Number 4	FALSE	//div[@class='displaycategoryproducts-wrapper']/table/tbody/tr[5]/td[1]/text()[2]	Item Number 5	FALSE	//div[@class='displaycategoryproducts-wrapper']/table/tbody/tr[5]/td[1]/text()[3]	Model Number 5	FALSE
www.wasserstrom.com	9739-Merchandising Racks	//*[@id='specs']/tbody/tr/td/div/div/table/tbody/tr[2]/td[2]/text()	Product ID	TRUE	//*[@id='specs']/tbody/tr/td/div/div/table/tbody/tr[4]/td[2]/text()	Model Number	TRUE	//b[text()='UPC']/../../td[2]/text()	UPC	TRUE	//b[text()='Mfg Part #']/../../td[2]/text()	Mfg Part #	TRUE	//div[@class='displaycategoryproducts-wrapper']/table/tbody/tr[1]/td[1]/text()[2]	Item Number 1	FALSE	//div[@class='displaycategoryproducts-wrapper']/table/tbody/tr[1]/td[1]/text()[3]	Model Number 1	FALSE	//div[@class='displaycategoryproducts-wrapper']/table/tbody/tr[2]/td[1]/text()[2]	Item Number 2	FALSE	//div[@class='displaycategoryproducts-wrapper']/table/tbody/tr[2]/td[1]/text()[3]	Model Number 2	FALSE	//div[@class='displaycategoryproducts-wrapper']/table/tbody/tr[3]/td[1]/text()[2]	Item Number 3	FALSE	//div[@class='displaycategoryproducts-wrapper']/table/tbody/tr[3]/td[1]/text()[3]	Model Number 3	FALSE	//div[@class='displaycategoryproducts-wrapper']/table/tbody/tr[4]/td[1]/text()[2]	Item Number 4	FALSE	//div[@class='displaycategoryproducts-wrapper']/table/tbody/tr[4]/td[1]/text()[3]	Model Number 4	FALSE	//div[@class='displaycategoryproducts-wrapper']/table/tbody/tr[5]/td[1]/text()[2]	Item Number 5	FALSE	//div[@class='displaycategoryproducts-wrapper']/table/tbody/tr[5]/td[1]/text()[3]	Model Number 5	FALSE
www.wasserstrom.com	9740-Misc. Melamine	//*[@id='specs']/tbody/tr/td/div/div/table/tbody/tr[2]/td[2]/text()	Product ID	TRUE	//*[@id='specs']/tbody/tr/td/div/div/table/tbody/tr[4]/td[2]/text()	Model Number	TRUE	//b[text()='UPC']/../../td[2]/text()	UPC	TRUE	//b[text()='Mfg Part #']/../../td[2]/text()	Mfg Part #	TRUE	//div[@class='displaycategoryproducts-wrapper']/table/tbody/tr[1]/td[1]/text()[2]	Item Number 1	FALSE	//div[@class='displaycategoryproducts-wrapper']/table/tbody/tr[1]/td[1]/text()[3]	Model Number 1	FALSE	//div[@class='displaycategoryproducts-wrapper']/table/tbody/tr[2]/td[1]/text()[2]	Item Number 2	FALSE	//div[@class='displaycategoryproducts-wrapper']/table/tbody/tr[2]/td[1]/text()[3]	Model Number 2	FALSE	//div[@class='displaycategoryproducts-wrapper']/table/tbody/tr[3]/td[1]/text()[2]	Item Number 3	FALSE	//div[@class='displaycategoryproducts-wrapper']/table/tbody/tr[3]/td[1]/text()[3]	Model Number 3	FALSE	//div[@class='displaycategoryproducts-wrapper']/table/tbody/tr[4]/td[1]/text()[2]	Item Number 4	FALSE	//div[@class='displaycategoryproducts-wrapper']/table/tbody/tr[4]/td[1]/text()[3]	Model Number 4	FALSE	//div[@class='displaycategoryproducts-wrapper']/table/tbody/tr[5]/td[1]/text()[2]	Item Number 5	FALSE	//div[@class='displaycategoryproducts-wrapper']/table/tbody/tr[5]/td[1]/text()[3]	Model Number 5	FALSE
www.wasserstrom.com	9741-Nemco Parts	//*[@id='specs']/tbody/tr/td/div/div/table/tbody/tr[2]/td[2]/text()	Product ID	TRUE	//*[@id='specs']/tbody/tr/td/div/div/table/tbody/tr[4]/td[2]/text()	Model Number	TRUE	//b[text()='UPC']/../../td[2]/text()	UPC	TRUE	//b[text()='Mfg Part #']/../../td[2]/text()	Mfg Part #	TRUE	//div[@class='displaycategoryproducts-wrapper']/table/tbody/tr[1]/td[1]/text()[2]	Item Number 1	FALSE	//div[@class='displaycategoryproducts-wrapper']/table/tbody/tr[1]/td[1]/text()[3]	Model Number 1	FALSE	//div[@class='displaycategoryproducts-wrapper']/table/tbody/tr[2]/td[1]/text()[2]	Item Number 2	FALSE	//div[@class='displaycategoryproducts-wrapper']/table/tbody/tr[2]/td[1]/text()[3]	Model Number 2	FALSE	//div[@class='displaycategoryproducts-wrapper']/table/tbody/tr[3]/td[1]/text()[2]	Item Number 3	FALSE	//div[@class='displaycategoryproducts-wrapper']/table/tbody/tr[3]/td[1]/text()[3]	Model Number 3	FALSE	//div[@class='displaycategoryproducts-wrapper']/table/tbody/tr[4]/td[1]/text()[2]	Item Number 4	FALSE	//div[@class='displaycategoryproducts-wrapper']/table/tbody/tr[4]/td[1]/text()[3]	Model Number 4	FALSE	//div[@class='displaycategoryproducts-wrapper']/table/tbody/tr[5]/td[1]/text()[2]	Item Number 5	FALSE	//div[@class='displaycategoryproducts-wrapper']/table/tbody/tr[5]/td[1]/text()[3]	Model Number 5	FALSE
www.wasserstrom.com	9742-North Coast Medical	//*[@id='specs']/tbody/tr/td/div/div/table/tbody/tr[2]/td[2]/text()	Product ID	TRUE	//*[@id='specs']/tbody/tr/td/div/div/table/tbody/tr[4]/td[2]/text()	Model Number	TRUE	//b[text()='UPC']/../../td[2]/text()	UPC	TRUE	//b[text()='Mfg Part #']/../../td[2]/text()	Mfg Part #	TRUE	//div[@class='displaycategoryproducts-wrapper']/table/tbody/tr[1]/td[1]/text()[2]	Item Number 1	FALSE	//div[@class='displaycategoryproducts-wrapper']/table/tbody/tr[1]/td[1]/text()[3]	Model Number 1	FALSE	//div[@class='displaycategoryproducts-wrapper']/table/tbody/tr[2]/td[1]/text()[2]	Item Number 2	FALSE	//div[@class='displaycategoryproducts-wrapper']/table/tbody/tr[2]/td[1]/text()[3]	Model Number 2	FALSE	//div[@class='displaycategoryproducts-wrapper']/table/tbody/tr[3]/td[1]/text()[2]	Item Number 3	FALSE	//div[@class='displaycategoryproducts-wrapper']/table/tbody/tr[3]/td[1]/text()[3]	Model Number 3	FALSE	//div[@class='displaycategoryproducts-wrapper']/table/tbody/tr[4]/td[1]/text()[2]	Item Number 4	FALSE	//div[@class='displaycategoryproducts-wrapper']/table/tbody/tr[4]/td[1]/text()[3]	Model Number 4	FALSE	//div[@class='displaycategoryproducts-wrapper']/table/tbody/tr[5]/td[1]/text()[2]	Item Number 5	FALSE	//div[@class='displaycategoryproducts-wrapper']/table/tbody/tr[5]/td[1]/text()[3]	Model Number 5	FALSE
www.wasserstrom.com	9743-Open Racks	//*[@id='specs']/tbody/tr/td/div/div/table/tbody/tr[2]/td[2]/text()	Product ID	TRUE	//*[@id='specs']/tbody/tr/td/div/div/table/tbody/tr[4]/td[2]/text()	Model Number	TRUE	//b[text()='UPC']/../../td[2]/text()	UPC	TRUE	//b[text()='Mfg Part #']/../../td[2]/text()	Mfg Part #	TRUE	//div[@class='displaycategoryproducts-wrapper']/table/tbody/tr[1]/td[1]/text()[2]	Item Number 1	FALSE	//div[@class='displaycategoryproducts-wrapper']/table/tbody/tr[1]/td[1]/text()[3]	Model Number 1	FALSE	//div[@class='displaycategoryproducts-wrapper']/table/tbody/tr[2]/td[1]/text()[2]	Item Number 2	FALSE	//div[@class='displaycategoryproducts-wrapper']/table/tbody/tr[2]/td[1]/text()[3]	Model Number 2	FALSE	//div[@class='displaycategoryproducts-wrapper']/table/tbody/tr[3]/td[1]/text()[2]	Item Number 3	FALSE	//div[@class='displaycategoryproducts-wrapper']/table/tbody/tr[3]/td[1]/text()[3]	Model Number 3	FALSE	//div[@class='displaycategoryproducts-wrapper']/table/tbody/tr[4]/td[1]/text()[2]	Item Number 4	FALSE	//div[@class='displaycategoryproducts-wrapper']/table/tbody/tr[4]/td[1]/text()[3]	Model Number 4	FALSE	//div[@class='displaycategoryproducts-wrapper']/table/tbody/tr[5]/td[1]/text()[2]	Item Number 5	FALSE	//div[@class='displaycategoryproducts-wrapper']/table/tbody/tr[5]/td[1]/text()[3]	Model Number 5	FALSE
www.wasserstrom.com	9744-Other Stands and Tiers	//*[@id='specs']/tbody/tr/td/div/div/table/tbody/tr[2]/td[2]/text()	Product ID	TRUE	//*[@id='specs']/tbody/tr/td/div/div/table/tbody/tr[4]/td[2]/text()	Model Number	TRUE	//b[text()='UPC']/../../td[2]/text()	UPC	TRUE	//b[text()='Mfg Part #']/../../td[2]/text()	Mfg Part #	TRUE	//div[@class='displaycategoryproducts-wrapper']/table/tbody/tr[1]/td[1]/text()[2]	Item Number 1	FALSE	//div[@class='displaycategoryproducts-wrapper']/table/tbody/tr[1]/td[1]/text()[3]	Model Number 1	FALSE	//div[@class='displaycategoryproducts-wrapper']/table/tbody/tr[2]/td[1]/text()[2]	Item Number 2	FALSE	//div[@class='displaycategoryproducts-wrapper']/table/tbody/tr[2]/td[1]/text()[3]	Model Number 2	FALSE	//div[@class='displaycategoryproducts-wrapper']/table/tbody/tr[3]/td[1]/text()[2]	Item Number 3	FALSE	//div[@class='displaycategoryproducts-wrapper']/table/tbody/tr[3]/td[1]/text()[3]	Model Number 3	FALSE	//div[@class='displaycategoryproducts-wrapper']/table/tbody/tr[4]/td[1]/text()[2]	Item Number 4	FALSE	//div[@class='displaycategoryproducts-wrapper']/table/tbody/tr[4]/td[1]/text()[3]	Model Number 4	FALSE	//div[@class='displaycategoryproducts-wrapper']/table/tbody/tr[5]/td[1]/text()[2]	Item Number 5	FALSE	//div[@class='displaycategoryproducts-wrapper']/table/tbody/tr[5]/td[1]/text()[3]	Model Number 5	FALSE
www.wasserstrom.com	9745-Oval Platters	//*[@id='specs']/tbody/tr/td/div/div/table/tbody/tr[2]/td[2]/text()	Product ID	TRUE	//*[@id='specs']/tbody/tr/td/div/div/table/tbody/tr[4]/td[2]/text()	Model Number	TRUE	//b[text()='UPC']/../../td[2]/text()	UPC	TRUE	//b[text()='Mfg Part #']/../../td[2]/text()	Mfg Part #	TRUE	//div[@class='displaycategoryproducts-wrapper']/table/tbody/tr[1]/td[1]/text()[2]	Item Number 1	FALSE	//div[@class='displaycategoryproducts-wrapper']/table/tbody/tr[1]/td[1]/text()[3]	Model Number 1	FALSE	//div[@class='displaycategoryproducts-wrapper']/table/tbody/tr[2]/td[1]/text()[2]	Item Number 2	FALSE	//div[@class='displaycategoryproducts-wrapper']/table/tbody/tr[2]/td[1]/text()[3]	Model Number 2	FALSE	//div[@class='displaycategoryproducts-wrapper']/table/tbody/tr[3]/td[1]/text()[2]	Item Number 3	FALSE	//div[@class='displaycategoryproducts-wrapper']/table/tbody/tr[3]/td[1]/text()[3]	Model Number 3	FALSE	//div[@class='displaycategoryproducts-wrapper']/table/tbody/tr[4]/td[1]/text()[2]	Item Number 4	FALSE	//div[@class='displaycategoryproducts-wrapper']/table/tbody/tr[4]/td[1]/text()[3]	Model Number 4	FALSE	//div[@class='displaycategoryproducts-wrapper']/table/tbody/tr[5]/td[1]/text()[2]	Item Number 5	FALSE	//div[@class='displaycategoryproducts-wrapper']/table/tbody/tr[5]/td[1]/text()[3]	Model Number 5	FALSE
www.wasserstrom.com	9746-Paper Bakeware	//*[@id='specs']/tbody/tr/td/div/div/table/tbody/tr[2]/td[2]/text()	Product ID	TRUE	//*[@id='specs']/tbody/tr/td/div/div/table/tbody/tr[4]/td[2]/text()	Model Number	TRUE	//b[text()='UPC']/../../td[2]/text()	UPC	TRUE	//b[text()='Mfg Part #']/../../td[2]/text()	Mfg Part #	TRUE	//div[@class='displaycategoryproducts-wrapper']/table/tbody/tr[1]/td[1]/text()[2]	Item Number 1	FALSE	//div[@class='displaycategoryproducts-wrapper']/table/tbody/tr[1]/td[1]/text()[3]	Model Number 1	FALSE	//div[@class='displaycategoryproducts-wrapper']/table/tbody/tr[2]/td[1]/text()[2]	Item Number 2	FALSE	//div[@class='displaycategoryproducts-wrapper']/table/tbody/tr[2]/td[1]/text()[3]	Model Number 2	FALSE	//div[@class='displaycategoryproducts-wrapper']/table/tbody/tr[3]/td[1]/text()[2]	Item Number 3	FALSE	//div[@class='displaycategoryproducts-wrapper']/table/tbody/tr[3]/td[1]/text()[3]	Model Number 3	FALSE	//div[@class='displaycategoryproducts-wrapper']/table/tbody/tr[4]/td[1]/text()[2]	Item Number 4	FALSE	//div[@class='displaycategoryproducts-wrapper']/table/tbody/tr[4]/td[1]/text()[3]	Model Number 4	FALSE	//div[@class='displaycategoryproducts-wrapper']/table/tbody/tr[5]/td[1]/text()[2]	Item Number 5	FALSE	//div[@class='displaycategoryproducts-wrapper']/table/tbody/tr[5]/td[1]/text()[3]	Model Number 5	FALSE
www.wasserstrom.com	9747-Paper, Foil & Film Dispensers	//*[@id='specs']/tbody/tr/td/div/div/table/tbody/tr[2]/td[2]/text()	Product ID	TRUE	//*[@id='specs']/tbody/tr/td/div/div/table/tbody/tr[4]/td[2]/text()	Model Number	TRUE	//b[text()='UPC']/../../td[2]/text()	UPC	TRUE	//b[text()='Mfg Part #']/../../td[2]/text()	Mfg Part #	TRUE	//div[@class='displaycategoryproducts-wrapper']/table/tbody/tr[1]/td[1]/text()[2]	Item Number 1	FALSE	//div[@class='displaycategoryproducts-wrapper']/table/tbody/tr[1]/td[1]/text()[3]	Model Number 1	FALSE	//div[@class='displaycategoryproducts-wrapper']/table/tbody/tr[2]/td[1]/text()[2]	Item Number 2	FALSE	//div[@class='displaycategoryproducts-wrapper']/table/tbody/tr[2]/td[1]/text()[3]	Model Number 2	FALSE	//div[@class='displaycategoryproducts-wrapper']/table/tbody/tr[3]/td[1]/text()[2]	Item Number 3	FALSE	//div[@class='displaycategoryproducts-wrapper']/table/tbody/tr[3]/td[1]/text()[3]	Model Number 3	FALSE	//div[@class='displaycategoryproducts-wrapper']/table/tbody/tr[4]/td[1]/text()[2]	Item Number 4	FALSE	//div[@class='displaycategoryproducts-wrapper']/table/tbody/tr[4]/td[1]/text()[3]	Model Number 4	FALSE	//div[@class='displaycategoryproducts-wrapper']/table/tbody/tr[5]/td[1]/text()[2]	Item Number 5	FALSE	//div[@class='displaycategoryproducts-wrapper']/table/tbody/tr[5]/td[1]/text()[3]	Model Number 5	FALSE
www.wasserstrom.com	9748-Pass-Thru Refrigerators	//*[@id='specs']/tbody/tr/td/div/div/table/tbody/tr[2]/td[2]/text()	Product ID	TRUE	//*[@id='specs']/tbody/tr/td/div/div/table/tbody/tr[4]/td[2]/text()	Model Number	TRUE	//b[text()='UPC']/../../td[2]/text()	UPC	TRUE	//b[text()='Mfg Part #']/../../td[2]/text()	Mfg Part #	TRUE	//div[@class='displaycategoryproducts-wrapper']/table/tbody/tr[1]/td[1]/text()[2]	Item Number 1	FALSE	//div[@class='displaycategoryproducts-wrapper']/table/tbody/tr[1]/td[1]/text()[3]	Model Number 1	FALSE	//div[@class='displaycategoryproducts-wrapper']/table/tbody/tr[2]/td[1]/text()[2]	Item Number 2	FALSE	//div[@class='displaycategoryproducts-wrapper']/table/tbody/tr[2]/td[1]/text()[3]	Model Number 2	FALSE	//div[@class='displaycategoryproducts-wrapper']/table/tbody/tr[3]/td[1]/text()[2]	Item Number 3	FALSE	//div[@class='displaycategoryproducts-wrapper']/table/tbody/tr[3]/td[1]/text()[3]	Model Number 3	FALSE	//div[@class='displaycategoryproducts-wrapper']/table/tbody/tr[4]/td[1]/text()[2]	Item Number 4	FALSE	//div[@class='displaycategoryproducts-wrapper']/table/tbody/tr[4]/td[1]/text()[3]	Model Number 4	FALSE	//div[@class='displaycategoryproducts-wrapper']/table/tbody/tr[5]/td[1]/text()[2]	Item Number 5	FALSE	//div[@class='displaycategoryproducts-wrapper']/table/tbody/tr[5]/td[1]/text()[3]	Model Number 5	FALSE
www.wasserstrom.com	9749-Patio Heaters	//*[@id='specs']/tbody/tr/td/div/div/table/tbody/tr[2]/td[2]/text()	Product ID	TRUE	//*[@id='specs']/tbody/tr/td/div/div/table/tbody/tr[4]/td[2]/text()	Model Number	TRUE	//b[text()='UPC']/../../td[2]/text()	UPC	TRUE	//b[text()='Mfg Part #']/../../td[2]/text()	Mfg Part #	TRUE	//div[@class='displaycategoryproducts-wrapper']/table/tbody/tr[1]/td[1]/text()[2]	Item Number 1	FALSE	//div[@class='displaycategoryproducts-wrapper']/table/tbody/tr[1]/td[1]/text()[3]	Model Number 1	FALSE	//div[@class='displaycategoryproducts-wrapper']/table/tbody/tr[2]/td[1]/text()[2]	Item Number 2	FALSE	//div[@class='displaycategoryproducts-wrapper']/table/tbody/tr[2]/td[1]/text()[3]	Model Number 2	FALSE	//div[@class='displaycategoryproducts-wrapper']/table/tbody/tr[3]/td[1]/text()[2]	Item Number 3	FALSE	//div[@class='displaycategoryproducts-wrapper']/table/tbody/tr[3]/td[1]/text()[3]	Model Number 3	FALSE	//div[@class='displaycategoryproducts-wrapper']/table/tbody/tr[4]/td[1]/text()[2]	Item Number 4	FALSE	//div[@class='displaycategoryproducts-wrapper']/table/tbody/tr[4]/td[1]/text()[3]	Model Number 4	FALSE	//div[@class='displaycategoryproducts-wrapper']/table/tbody/tr[5]/td[1]/text()[2]	Item Number 5	FALSE	//div[@class='displaycategoryproducts-wrapper']/table/tbody/tr[5]/td[1]/text()[3]	Model Number 5	FALSE
www.wasserstrom.com	9750-Plastic Crocks	//*[@id='specs']/tbody/tr/td/div/div/table/tbody/tr[2]/td[2]/text()	Product ID	TRUE	//*[@id='specs']/tbody/tr/td/div/div/table/tbody/tr[4]/td[2]/text()	Model Number	TRUE	//b[text()='UPC']/../../td[2]/text()	UPC	TRUE	//b[text()='Mfg Part #']/../../td[2]/text()	Mfg Part #	TRUE	//div[@class='displaycategoryproducts-wrapper']/table/tbody/tr[1]/td[1]/text()[2]	Item Number 1	FALSE	//div[@class='displaycategoryproducts-wrapper']/table/tbody/tr[1]/td[1]/text()[3]	Model Number 1	FALSE	//div[@class='displaycategoryproducts-wrapper']/table/tbody/tr[2]/td[1]/text()[2]	Item Number 2	FALSE	//div[@class='displaycategoryproducts-wrapper']/table/tbody/tr[2]/td[1]/text()[3]	Model Number 2	FALSE	//div[@class='displaycategoryproducts-wrapper']/table/tbody/tr[3]/td[1]/text()[2]	Item Number 3	FALSE	//div[@class='displaycategoryproducts-wrapper']/table/tbody/tr[3]/td[1]/text()[3]	Model Number 3	FALSE	//div[@class='displaycategoryproducts-wrapper']/table/tbody/tr[4]/td[1]/text()[2]	Item Number 4	FALSE	//div[@class='displaycategoryproducts-wrapper']/table/tbody/tr[4]/td[1]/text()[3]	Model Number 4	FALSE	//div[@class='displaycategoryproducts-wrapper']/table/tbody/tr[5]/td[1]/text()[2]	Item Number 5	FALSE	//div[@class='displaycategoryproducts-wrapper']/table/tbody/tr[5]/td[1]/text()[3]	Model Number 5	FALSE